name,rated_movies,averageRating
Seth Rogen,1,9.9
Evan Goldberg,1,9.9
Mohamed Yassin,1,9.5
Amaan Khan,1,9.0
Alastair Fothergill,2,8.95
Houssam El-Din Mustafa,1,8.9
Jonnie Hughes,1,8.9
Ifa Isfansyah,1,8.8
Christopher Nolan,1,8.8
Lee Eung-bok,1,8.7
Vanessa Roth,1,8.6
Amy Segal,1,8.6
Harjit Singh,1,8.6
Katia Lund,1,8.6
Christopher Alender,1,8.5
Thom Zimny,1,8.5
Tony Kaye,1,8.5
Lilibet Foster,1,8.5
Olivier Nakache,1,8.5
Éric Toledano,1,8.5
Mary Harron,2,8.5
Roman Polański,1,8.5
Martin Zandvliet,1,8.5
Peter Ho,1,8.5
Gary Sing,1,8.5
Hidenori Inoue,1,8.5
Chris Bould,2,8.45
Madonne Ashwin,1,8.4
Shekhar Kapur,1,8.4
Madhumita,1,8.4
Florian Henckel von Donnersmarck,1,8.4
Selçuk Metin,1,8.4
Joe Russo,1,8.4
Peter Ramsey,1,8.4
Erik White,1,8.4
Hany Motawie,1,8.4
Rodney Rothman,1,8.4
Bob Persichetti,1,8.4
Sergio Leone,2,8.4
Anthony Russo,1,8.4
Dan Lucchesi,1,8.4
Abhijeet Deshpande,1,8.4
Ron Davis,1,8.4
Gulzar,1,8.4
Paresh Mokashi,1,8.4
Muhammad Fadl,1,8.4
Kenny Ortega,1,8.4
Yann Arthus-Bertrand,1,8.3
Anurag Singh,1,8.3
Nagraj Manjule,1,8.3
Raj R,1,8.3
Thiagarajan Kumararaja,1,8.3
Evgeny Afineevsky,1,8.3
Joshua Oppenheimer,1,8.3
Scot McFadyen,1,8.3
Balu Mahendra,1,8.3
Michael Pitiot,1,8.3
Sam Dunn,1,8.3
Bo Burnham,2,8.3
Deepika Narayan Bhardwaj,1,8.3
Sarawut Wichiensarn,1,8.3
Asghar Farhadi,1,8.3
David Johndrow,1,8.3
Kevin Booth,1,8.3
Nitesh Tiwari,1,8.3
Laurent Bouzereau,1,8.3
Jayaraj Rajasekharan Nair,1,8.3
Christopher Storer,3,8.266666666666667
Mikhil Musale,2,8.25
Sergio Pablos,1,8.2
Zakariya,1,8.2
Malik Bendjelloul,1,8.2
Saandeep Patel,1,8.2
Jon Alpert,1,8.2
Joshua Tickell,1,8.2
Huw Cordey,1,8.2
Takuya Igarashi,1,8.2
Avinash Walzade,1,8.2
Rebecca Harrell Tickell,1,8.2
Rakshith Thirthahalli,1,8.2
Terry Jones,1,8.2
Jennie Livingston,1,8.2
Jon Olb,1,8.2
Mehmet Ada Öztekin,1,8.2
Quentin Tarantino,7,8.157142857142857
Asif Kapadia,2,8.15
Peter Jackson,3,8.133333333333333
Hrishikesh Mukherjee,4,8.125
Alex Timbers,2,8.100000000000001
Bruce Gowers,1,8.1
Yasuhiro Irie,1,8.1
Rakeysh Omprakash Mehra,1,8.1
Ali Tabrizi,1,8.1
James Reed,1,8.1
Varun Narvekar,1,8.1
Pippa Ehrlich,1,8.1
Dawn Porter,1,8.1
Pedro Kos,1,8.1
Kate Horne,1,8.1
Lenny Abrahamson,1,8.1
Anubhav Sinha,1,8.1
Stan Lathan,3,8.1
Tom McCarthy,1,8.1
Jennifer Baichwal,1,8.1
Nicholas de Pencier,1,8.1
Carlos Pérez Osorio,1,8.1
Ian MacNaughton,1,8.1
Toby Haynes,1,8.1
Peter Mortimer,1,8.1
Raam Reddy,1,8.1
Stuart Rosenberg,1,8.1
Gabriela Cowperthwaite,1,8.1
Torquil Jones,1,8.1
Gabriel Clarke,1,8.1
Jagdeep Sidhu,1,8.1
Amr Salama,1,8.1
Martin Prakkat,1,8.1
Fernando Meirelles,2,8.1
Josh Lowell,1,8.1
Julia Reichert,2,8.05
Steven Bognar,2,8.05
Fisher Stevens,2,8.05
Rajkumar Hirani,3,8.033333333333333
Billy Bob Thornton,1,8.0
Vetri Maaran,1,8.0
Austin Peck,1,8.0
Marwan Hamed,1,8.0
Paulo Oriol,1,8.0
Spike Jonze,1,8.0
Mark Lewis,1,8.0
Hang-Jun Jang,1,8.0
Jeff Margolis,1,8.0
Alex Gibney,1,8.0
Keith Scholey,2,8.0
Kevin Costner,1,8.0
Anneliese Vandenberg,1,8.0
Roman Polanski,1,8.0
Vignesh Shivan,1,8.0
Tharun Bhascker,1,8.0
David Morris,1,8.0
Malik Nejer,1,8.0
Jacqui Morris,1,8.0
Hsu Fu-chun,1,8.0
Sudha Kongara,1,8.0
Raj B. Shetty,1,8.0
Ömer Faruk Sorak,1,8.0
Hassan AbdulSalam,1,8.0
Manu Ashokan,1,8.0
Sushrut Jain,1,8.0
Daniel Lindsay,2,7.949999999999999
Madeleine Parry,2,7.949999999999999
Kief Davidson,2,7.949999999999999
T.J. Martin,2,7.949999999999999
Padmakumar Narasimhamurthy,2,7.949999999999999
R. Balki,1,7.9
Richard Brooks,1,7.9
René Pérez Joglar,1,7.9
Stephen Chbosky,1,7.9
Michel Hazanavicius,1,7.9
Laxman Utekar,1,7.9
John L. Spencer,1,7.9
Simon Frederick,1,7.9
Lijo Jose Pellissery,1,7.9
Fred Ouro Preto,1,7.9
Daniel Raim,1,7.9
Renata Terra,1,7.9
Nikkhil Advani,1,7.9
Stanley Kubrick,2,7.9
Avadhoot Gupte,2,7.9
Irek Dobrowolski,1,7.9
Rachel Bell,1,7.9
Bryan Fogel,1,7.9
Jean-Marc Vallée,1,7.9
Ang Lee,1,7.9
Rajat Kapoor,1,7.9
David Lean,1,7.9
J.J. Abrams,1,7.9
Vinod Kapri,1,7.9
Rhys Thomas,1,7.9
Destin Daniel Cretton,1,7.9
Adarsh Eshwarappa,1,7.9
James Moll,1,7.9
John Bridcut,1,7.9
Robert Nixon,1,7.9
Praveen Kandregula,1,7.9
Shin Won-ho,1,7.9
Louis C.K.,3,7.8999999999999995
Orlando von Einsiedel,2,7.85
Guy Ritchie,2,7.85
Taika Waititi,2,7.85
Sriram Raghavan,2,7.85
Sam Mendes,2,7.800000000000001
Oriol Paulo,1,7.8
Stephanie Soechtig,1,7.8
Duncan Jones,1,7.8
Satish Manwar,1,7.8
Jeremy Seifert,1,7.8
Sharon Shattuck,1,7.8
Jonathon Link,1,7.8
Dean DeBlois,1,7.8
Greg Kohs,1,7.8
Will McCormack,1,7.8
Ziga Virc,1,7.8
Anand Kamalakar,1,7.8
Denis Hennelly,1,7.8
Mel Stuart,1,7.8
Casey Suchan,1,7.8
Prime Cruz,1,7.8
August Jakobsson,1,7.8
Sumitra Bhave,3,7.8
John Ridley,1,7.8
Syed Ahmad Afzal,1,7.8
Sunil Sukthankar,3,7.8
Ken Loach,1,7.8
Chris Bolan,1,7.8
Jeff Orlowski,2,7.8
Ignacio López Escrivá,1,7.8
Michael Govier,1,7.8
Louie Psihoyos,1,7.8
Stephen Kijak,1,7.8
Claude Barras,1,7.8
Tianyu Zhao,1,7.8
James Redford,1,7.8
Richard Curtis,1,7.8
Matt Ross,1,7.8
Jon Freeman,1,7.8
George Cukor,1,7.8
Shaina Allen,1,7.8
Kireet Khurana,1,7.8
Paul Thomas Anderson,4,7.8
Advait Chandan,1,7.8
John Hughes,1,7.8
Jason Hehir,1,7.8
David Gelb,1,7.8
Avinash Arun,1,7.8
Chapman Way,2,7.8
Steve Boettcher,1,7.8
Mat Whitecross,1,7.8
Maclain Way,2,7.8
Paul Taublieb,1,7.8
Richard Ladkani,1,7.8
Martin Scorsese,8,7.7625
David O. Russell,2,7.75
Sam Wrench,2,7.75
Seth Barrish,3,7.733333333333333
V. Scott Balcerek,1,7.7
Joe Boyd,1,7.7
Sandra Restrepo,1,7.7
Sathyan Anthikad,1,7.7
Elsa Flores Almaraz,1,7.7
James L. Brooks,1,7.7
Aijaz Khan,1,7.7
Keith Malloy,1,7.7
Richard da Costa,1,7.7
Alex Parkinson,1,7.7
Henry Selick,1,7.7
Taylor Sheridan,1,7.7
Mark Herman,1,7.7
Yandy Laurens,1,7.7
Kranti Redkar,1,7.7
Alik Sakharov,1,7.7
Shivendra Singh Dungarpur,1,7.7
Kazumi Fukushima,1,7.7
Binayak Das,1,7.7
Jenner Furst,1,7.7
Cary Joji Fukunaga,1,7.7
Julia Willoughby Nason,1,7.7
Richard J Montoya,1,7.7
Hemambar Jasti,1,7.7
Jim Stenstrum,1,7.7
Nottapon Boonprakob,1,7.7
Ajay Bhuyan,1,7.7
Mani Ratnam,3,7.7
Arthur Penn,1,7.7
Manish Saini,1,7.7
James Marsh,1,7.7
Vir Das,1,7.7
Ridley Scott,1,7.7
Nora Twomey,1,7.7
Hiroshi Aoyama,1,7.7
Lee Fulkerson,1,7.7
Adam Dubin,1,7.7
Chandrakant Kulkarni,2,7.699999999999999
Sujoy Ghosh,3,7.699999999999999
Toshiyuki Kubooka,3,7.666666666666667
Björn Stein,2,7.65
Måns Mårlind,2,7.65
Kip Andersen,2,7.65
Keegan Kuhn,2,7.65
Mark Osborne,2,7.65
Danny Boyle,2,7.65
Mark Henn,1,7.6
Charles Officer,1,7.6
Lauren MacMullan,1,7.6
Dava Whisenant,1,7.6
Constance Marks,1,7.6
Mike Gabriel,1,7.6
Kevin Deters,1,7.6
Dean Wellins,1,7.6
Stevie Wermers,1,7.6
Nathan Greno,1,7.6
John Kahrs,1,7.6
Patrick Osborne,1,7.6
Robert Townsend,1,7.6
Jennifer Lee,1,7.6
Robert Clouse,1,7.6
Norman Jewison,2,7.6
Adam Nimoy,1,7.6
Lonny Price,1,7.6
Francis Lee,1,7.6
Takuya Inaba,1,7.6
David Zeiger,1,7.6
Jessie Nelson,1,7.6
Levan Tsikurishvili,1,7.6
Sakon Tiacharoen,1,7.6
Shonali Bose,1,7.6
Charlotte Zwerin,1,7.6
Javier Gómez Santander,1,7.6
Chung Mong-hong,1,7.6
Geoff Luck,1,7.6
Venkatesh Maha,1,7.6
Faozan Rizal,1,7.6
Amshan Kumar,1,7.6
Louise Alston,1,7.6
Frank Rajah Arase,1,7.6
Bill Guttentag,1,7.6
Michael Ware,1,7.6
Chiwetel Ejiofor,1,7.6
Dana Nachman,1,7.6
Jennifer M. Kroot,1,7.6
Don Hardy Jr.,1,7.6
Manish Gupta,1,7.6
Nicholas Ray,1,7.6
Park Joon-hwa,1,7.6
Ed Perkins,1,7.6
Ahmet Katıksız,1,7.6
Greg Mottola,1,7.6
Diego Enrique Osorno,1,7.6
Partha Chakraborty,1,7.6
Brandon Jeffords,1,7.6
Kirk DeMicco,1,7.6
Robert Moresco,1,7.6
Soumendra Padhi,1,7.6
Ben Bowie,1,7.6
Phanindra Narsetti,1,7.6
Ayaan Mukherji,1,7.6
Roger Graef,1,7.6
Nattawut Poonpiriya,1,7.6
Morgan Matthews,1,7.6
Mathew Orzel,1,7.6
John Stevenson,1,7.6
Heidi Brandenburg,1,7.6
James Rogan,1,7.6
Kirby Dick,1,7.6
Desingh Periyasamy,1,7.6
Sean Baker,1,7.6
Alan Hicks,1,7.6
Sang-ho Yeon,1,7.6
Tiller Russell,3,7.599999999999999
Manny Rodriguez,4,7.575
Nishikant Kamat,4,7.574999999999999
David Fincher,5,7.5600000000000005
Aaron Sorkin,2,7.550000000000001
Luis Alfaro,2,7.55
Parambrata Chatterjee,2,7.55
Vikramaditya Motwane,3,7.533333333333334
Tom Hooper,3,7.533333333333334
David Batty,3,7.533333333333332
Steven Spielberg,10,7.5200000000000005
Daniel Camenisch,1,7.5
Gayane Petrosyan,1,7.5
Adam Carolla,2,7.5
Nate Adams,2,7.5
Lee Chang-dong,1,7.5
Alejandro G. Iñárritu,1,7.5
Alex Holmes,1,7.5
J. Lee Thompson,1,7.5
John Patrick Shanley,1,7.5
Sooni Taraporevala,1,7.5
John Madden,1,7.5
Fredric Lean,1,7.5
Alan Parker,1,7.5
Farah X,1,7.5
Ganesh Kadam,1,7.5
Jérémy Clapin,1,7.5
Tudor Giurgiu,1,7.5
Vonda Harrell,1,7.5
Marek Piwowski,1,7.5
Prakash Satam,1,7.5
Pablo Aulita,1,7.5
Jeffrey Schwarz,1,7.5
Lisa Cortés,1,7.5
Chris Perkel,1,7.5
Jehane Noujaim,2,7.5
Pablo Lejarreta,1,7.5
Farhan Akhtar,4,7.5
Ted Demme,1,7.5
Álvaro Delgado-Aparicio L.,1,7.5
Daniel Minahan,1,7.5
Musthafa,1,7.5
Jennifer Siebel Newsom,1,7.5
Jay Chou,1,7.5
Fred M. Wilcox,1,7.5
Meghan O'Hara,1,7.5
Paul Haggis,2,7.5
Estela Renner,1,7.5
Tomer Heymann,1,7.5
Tate Taylor,2,7.5
Alice Rohrwacher,1,7.5
Michael Curtiz,1,7.5
Mariano Cohn,1,7.5
Habib Faisal,1,7.5
Gastón Duprat,1,7.5
V Vignarajan,1,7.5
Francesco Carrozzini,1,7.5
Eugenio Derbez,1,7.5
Tilak Shetty,1,7.5
Atlee Kumar,1,7.5
Ildiko Enyedi,1,7.5
Martin Brest,1,7.5
Tom Ford,2,7.5
Ashim Ahluwalia,1,7.5
Marcel Barrena,1,7.5
David Fairhead,1,7.5
Edgar Wright,1,7.5
Lorene Machado,1,7.5
Amar Kaushik,1,7.5
Halitha Shameem,2,7.5
Max Lang,1,7.5
Mangesh Kanthale,1,7.5
Jani Lachauer,1,7.5
Richard Mears,1,7.5
Clint Eastwood,7,7.499999999999999
J.A. Bayona,2,7.45
Matthew Vaughn,2,7.449999999999999
Luv Ranjan,2,7.449999999999999
Toshiya Shinohara,2,7.449999999999999
Stephen Frears,2,7.449999999999999
Simon Gross,1,7.4
Nisheeta Keni,1,7.4
Rajesh Touchriver,1,7.4
Caroline Sá,1,7.4
Yu Yang,1,7.4
Moyoung Jin,1,7.4
Michael Epstein,1,7.4
Jacob LaMendola,1,7.4
Tarun Mansukhani,2,7.4
Haruka Fujita,1,7.4
Rene Liu,1,7.4
Jon Shenk,2,7.4
Albert Sharpe,1,7.4
Manmohan Desai,1,7.4
Jacob Kornbluth,2,7.4
Sanjay Leela Bhansali,1,7.4
Lucien Bourjeily,1,7.4
Nana Ekvtimishvili,1,7.4
Zackary Canepari,1,7.4
Bonni Cohen,2,7.4
Deepti Kakkar,1,7.4
Nadine Ibrahim,1,7.4
Fahad Mustafa,1,7.4
Robert Kenner,1,7.4
Matt Bell,1,7.4
James Ivory,1,7.4
Matthew McNeil,1,7.4
Greta Gerwig,1,7.4
Paul Miller,1,7.4
Gauri Shinde,1,7.4
Gangadhar Salimath,1,7.4
Rayka Zehtabchi,1,7.4
Kristina Goolsby,1,7.4
Ashley York,1,7.4
Noor Imran Mithu,1,7.4
Taki Oldham,1,7.4
Sue Kim,1,7.4
Ram,1,7.4
Lana Wilson,1,7.4
Makoto Shinkai,1,7.4
Dhanush,1,7.4
Icíar Bollaín,1,7.4
Michelle Caputo,1,7.4
Ryan Coogler,2,7.4
Richard Attenborough,1,7.4
Wouter Bouvijn,1,7.4
Josh Aronson,1,7.4
Rana Ranbir,1,7.4
Pawan Kumar,1,7.4
Drea Cooper,1,7.4
Chico Pereira,1,7.4
Hikaru Toda,1,7.4
Kirsten Johnson,1,7.4
Abbas Tyrewala,1,7.4
Sarah Moshman,1,7.4
John Upchurch,1,7.4
Michael Wech,1,7.4
Susan Lambert,1,7.4
Alexandra Dean,1,7.4
Henry Hathaway,1,7.4
Jake Paltrow,1,7.4
Gavin O'Connor,1,7.4
Barry Jenkins,1,7.4
Mark Craig,1,7.4
Vijay Jayapal,1,7.4
Tom Tykwer,1,7.4
JP Habac,1,7.4
Neil Armfield,1,7.4
Hanns-Bruno Kammertöns,1,7.4
Brian De Palma,1,7.4
Louie Schwartzberg,1,7.4
Vanessa Nöcker,1,7.4
Camilla Nielsson,1,7.4
Brett Harvey,1,7.4
Maya Zinshtein,1,7.4
C. Fitz,1,7.4
Stefano Sollima,1,7.4
Andrew Jenks,1,7.4
Tony Zierra,1,7.4
Susannah Ward,1,7.4
Steven Zaillian,1,7.4
Stefan Moore,1,7.4
Ehtesham Uddin,1,7.4
Barak Goodman,1,7.4
Raman Kumar,1,7.4
Jakob Verbruggen,1,7.4
Udoka Oyeka,1,7.4
Stephen Daldry,2,7.4
Hernán Zin,3,7.366666666666667
Nila Madhab Panda,3,7.366666666666667
Shannon Hartman,7,7.357142857142857
Yasmin Ahmad,2,7.35
Mike Binder,2,7.35
Josh Safdie,2,7.35
Jerry Rothwell,2,7.35
Benny Safdie,2,7.35
Tsutomu Mizushima,2,7.35
Neill Blomkamp,2,7.35
Anthony Giordano,2,7.35
Eduardo Roy Jr.,2,7.35
Noah Baumbach,5,7.340000000000001
Jonathan Demme,3,7.333333333333333
Houda Benyamina,2,7.300000000000001
Anthony Minghella,2,7.300000000000001
Kasper Collin,1,7.3
Atharv Baluja,1,7.3
David Paul Meyer,2,7.3
Michael Schmitt,1,7.3
Eva Müller,1,7.3
Sandi Tan,1,7.3
Adam Bolt,1,7.3
Shaad Ali,1,7.3
Petra Costa,1,7.3
Sophie Sartain,1,7.3
Roberta Grossman,1,7.3
Sam Taplin,1,7.3
Guillermo de Oliveira,1,7.3
Floyd Russ,2,7.3
Kevin Pang,1,7.3
Mark Helenowski,1,7.3
Farhan Alam,1,7.3
Jatla Siddartha,1,7.3
Liu Kuang-hui,1,7.3
Todd Biermann,1,7.3
Kurt Wimmer,1,7.3
Alexx Media,1,7.3
Robin Bissell,1,7.3
Noriyuki Abe,1,7.3
Nandita Das,1,7.3
Barbara Kopple,1,7.3
Matthew Miele,1,7.3
Abby Epstein,1,7.3
Kevin MacDonald,1,7.3
Daniel Mann,1,7.3
Hsu Chih-yen,1,7.3
Chang-Min Lee,1,7.3
Joe Piscatella,1,7.3
Justin Bare,1,7.3
Mag Hsu,1,7.3
Brad Furman,1,7.3
Dylan Bank,1,7.3
Daniel DiMauro,1,7.3
Bent-Jorgen Perlmutt,1,7.3
Nick Cassavetes,1,7.3
Morgan Pehme,1,7.3
Liz Plonka,1,7.3
Kelly Fremon Craig,1,7.3
Ananth Narayan Mahadevan,1,7.3
Todd Wider,1,7.3
Jedd Wider,1,7.3
Brett Whitcomb,1,7.3
Kheiron,1,7.3
Francis Whately,1,7.3
Michael Mayer,1,7.3
Steve Cheng,1,7.3
Amin Dora,1,7.3
David Sington,2,7.3
Trivikram Srinivas,1,7.3
Sherif Arafa,1,7.3
Dennis Scholl,1,7.3
Richard LaGravenese,2,7.3
Nopparoj Chotmunkongsit,1,7.3
Brendon Marotta,1,7.3
David Chuang,1,7.3
Julie Taymor,1,7.3
Bedabrata Pain,1,7.3
Leslye Davis,1,7.3
Woody Allen,1,7.3
Catrin Einhorn,1,7.3
Derek Cianfrance,2,7.3
Chen Kuan-chung,1,7.3
Stella Corradi,1,7.3
Josh Greenbaum,1,7.3
Cristina Costantini,1,7.3
Kareem Tabsch,2,7.3
Christina Clusiau,1,7.3
Justin Pemberton,1,7.3
Brandon Kimber,1,7.3
Rami Hachache,1,7.3
Christopher S. Rech,1,7.3
Shaul Schwarz,1,7.3
Nicholas Zeig-Owens,1,7.3
Stephen S. Campanelli,1,7.3
David Hunt,1,7.3
Mike Mills,1,7.3
Shazia Javed,1,7.3
Thomas Carter,1,7.3
Sagar Sarhadi,1,7.3
Damani Baker,1,7.3
Theodore Witcher,1,7.3
Saravana Rajendran,1,7.3
Jordi Llompart,1,7.3
Jon Greenhalgh,1,7.3
Matthew Shoychet,1,7.3
Dan Krauss,1,7.3
James Franco,1,7.3
Esteban Sapir,1,7.3
Fernando Frías de la Parra,1,7.3
Shikha Makan,1,7.3
Ofir Raul Graizer,1,7.3
Kevin Lima,1,7.3
Marina Zenovich,1,7.3
Matt Wechsler,1,7.3
Rob Reiner,3,7.3
Vince Gilligan,1,7.3
Atsuko Ishizuka,1,7.3
Rob Burnett,1,7.3
Yoshiyuki Tomino,4,7.275
Cosima Spender,3,7.266666666666667
David Mackenzie,3,7.266666666666667
Yoshikazu Yasuhiko,3,7.266666666666666
Craig Brewer,2,7.25
Riri Riza,2,7.25
Paul Verhoeven,2,7.25
Ryan Polito,8,7.25
Stephen Chow,2,7.25
Peter Orton,2,7.25
James McTeigue,2,7.25
Stefano Lodovichi,1,7.2
Ziad Doueiri,1,7.2
Damien Chazelle,1,7.2
Laïla Marrakchi,1,7.2
Alan Poul,1,7.2
Sırrı Süreyya Önder,1,7.2
Jose Mari Goenaga,1,7.2
Jeffrey Friedman,1,7.2
Chris Buck,3,7.2
Rob Epstein,1,7.2
Shin-yeon Won,1,7.2
Jennifer Yuh Nelson,1,7.2
Chun Wong,1,7.2
Paul Dugdale,1,7.2
Farhad Safinia,1,7.2
Brad Anderson,3,7.2
Carol Reed,1,7.2
Joel Schumacher,1,7.2
Trey Parker,1,7.2
Ariel Boles,1,7.2
Honey Trehan,1,7.2
Justin Baldoni,1,7.2
Steven Rinella,1,7.2
Chris Sanders,1,7.2
Kirk De Micco,1,7.2
Richard Linklater,1,7.2
Jenny Popplewell,1,7.2
Raj N. Sippy,1,7.2
Reuben Atlas,1,7.2
Jon J. Whelan,1,7.2
Han Kwang Il,1,7.2
Peter Sollett,1,7.2
Daniel Sánchez Arévalo,1,7.2
Baz Luhrmann,1,7.2
Reijer Zwaan,1,7.2
Bille August,1,7.2
Radha Blank,1,7.2
Armando Iannucci,1,7.2
Philipp Stölzl,1,7.2
Mansore,1,7.2
James Tovell,1,7.2
Nawapol Thamrongrattanarit,2,7.2
Kelly Duane de la Vega,1,7.2
Lars Kaalund,1,7.2
Dana Doron,1,7.2
Uriel Sinai,1,7.2
Lee Yoon-jung,1,7.2
Michael Blieden,1,7.2
Alex Law,1,7.2
R.J. Daniel Hanna,1,7.2
Gregory Jacobs,1,7.2
Lukas Dhont,1,7.2
John Lee Hancock,3,7.2
Francis Ford Coppola,1,7.2
Neeraj Vora,1,7.2
Keerthi,1,7.2
Ester Gould,1,7.2
Mat King,1,7.2
Will Lovelace,1,7.2
Radhu Karmakar,1,7.2
Luis Estrada,1,7.2
Todd Haynes,1,7.2
Joseph Hsu,1,7.2
David France,1,7.2
Prateek Vats,1,7.2
James Wan,3,7.2
John Edginton,1,7.2
Hannes Stöhr,1,7.2
Karan Bali,1,7.2
Rian Johnson,1,7.2
Christian Desmares,1,7.2
Dylan Southern,1,7.2
Brendan Byrne,1,7.2
John Herzfeld,1,7.2
Franck Ekinci,1,7.2
Cheh Chang,1,7.2
María Jose Cuevas,1,7.2
Scott Cooper,1,7.2
Zachary Heinzerling,1,7.2
Richie Smyth,1,7.2
Jeremy Grant,1,7.2
Anand Tiwari,1,7.2
Chris Appelhans,1,7.2
Abhay Chopra,1,7.2
Ole Bornedal,1,7.2
Thom Fitzgerald,1,7.2
Cristi Puiu,2,7.199999999999999
Jim Henson,2,7.199999999999999
Bong Joon Ho,2,7.199999999999999
Matías Gueilburt,2,7.199999999999999
Byron Howard,2,7.199999999999999
Shyam Benegal,3,7.166666666666667
Guillermo del Toro,3,7.166666666666667
Hanung Bramantyo,5,7.159999999999999
Todd Kauffman,2,7.15
Gore Verbinski,2,7.15
Daniel Kontur,2,7.15
James Ponsoldt,2,7.15
Ian Cheney,2,7.15
Mark Thornton,2,7.15
Sarah Gavron,2,7.15
Mike Newell,4,7.15
Neeraj Pandey,3,7.133333333333333
Wilson Yip,5,7.12
Terry Gilliam,4,7.1000000000000005
Reginald Hudlin,3,7.1000000000000005
Gabriele Muccino,3,7.1000000000000005
Katy Chevigny,1,7.1
Shawn Rech,1,7.1
Peter Pardini,1,7.1
Robert Aldrich,1,7.1
Kevin Derek,1,7.1
Pablo Stoll,1,7.1
Jan Komasa,1,7.1
Ron Clements,1,7.1
Michael Lockshin,1,7.1
Edwin,1,7.1
Ramin Bahrani,1,7.1
John Musker,1,7.1
Rik Reinholdtsen,1,7.1
Sam Taylor-Johnson,1,7.1
Justin Chadwick,1,7.1
Ivan Ayr,1,7.1
Robert Tate,1,7.1
Juan Pablo Rebella,1,7.1
Morgan Neville,1,7.1
Jonathan Teplitzky,1,7.1
Brian Klein,2,7.1
Frank W Chen,1,7.1
Nancy Schwartzman,1,7.1
Thomas Stuber,1,7.1
David LaChapelle,1,7.1
Jung Ji-woo,1,7.1
Jee-woon Kim,1,7.1
Ajithkumar,1,7.1
Billy Corben,2,7.1
Sonia Lowman,1,7.1
Helena Coan,1,7.1
Leslie Iwerks,2,7.1
Sanjay Soorkar,1,7.1
Huang Hsin-Yao,1,7.1
Apoorva Lakhia,1,7.1
Jeannie Gaffigan,1,7.1
Mark Murphy,1,7.1
Mike Birbiglia,2,7.1
Daniel Gordon,1,7.1
Basava Shankar Eeday,1,7.1
Michael Samuels,1,7.1
Tony Stone,1,7.1
Pieter-Jan De Pue,1,7.1
Gavin Fitzgerald,1,7.1
Vijay Lalwani,1,7.1
Ken Burns,1,7.1
Benoît Philippon,1,7.1
Artemis Joukowsky,1,7.1
Adam Schlesinger,1,7.1
Nekfeu,1,7.1
Anjali Nayar,1,7.1
Gary Ross,2,7.1
Sean Menard,1,7.1
Edward Zwick,1,7.1
Linda Saffire,1,7.1
Robert Schwentke,1,7.1
Raúl Campos Delgado,1,7.1
Alexandre Heboyan,1,7.1
Ana Quiroga,1,7.1
Damien O’Connor,1,7.1
Ron Underwood,1,7.1
Neville Shah,1,7.1
Espen Sandberg,1,7.1
Rashida Jones,2,7.1
Victor Levin,1,7.1
Oliver Bokelberg,1,7.1
Lee Chung-hyun,1,7.1
Alfonso Arau,1,7.1
Steven Knight,1,7.1
Maciej Dejczer,1,7.1
Masahiko Murata,1,7.1
Johanna Demetrakas,1,7.1
Steve Loter,1,7.1
Christian Ditter,1,7.1
Ross Hockrow,1,7.1
Joachim Rønning,1,7.1
Gary Cohen,1,7.1
Ellena Wood,1,7.1
Adisorn Tresirikasem,1,7.1
Sarah Smith,1,7.1
Debra Granik,1,7.1
Park Hoon-jung,1,7.1
Sanjay Gupta,1,7.1
Ananda Krishnan,1,7.1
Jesse Vile,1,7.1
Uttung Shelar,1,7.1
Sanjay Patel,1,7.1
Craig Freimond,1,7.1
Susan Glatzer,1,7.1
Lori Kaye,1,7.1
Kevin Macdonald,1,7.1
Paul Katis,1,7.1
Akin Omotoso,1,7.1
Cecilia Peck,1,7.1
Adam Sjöberg,1,7.1
Benjamin Ree,1,7.1
Zatella Beatty,1,7.1
Srijit Mukherji,1,7.1
Krish,1,7.1
Vasan Bala,1,7.1
Adam B. Stein,1,7.1
Zach Lipovsky,1,7.1
Mina Shum,1,7.1
Roy Campanella II,1,7.1
Edward James Olmos,1,7.1
Gabe Turner,1,7.1
Stanley Nelson,2,7.1
Rajkumar Santoshi,6,7.066666666666667
Luis Ara,3,7.066666666666667
Gajendra Ahire,3,7.066666666666666
Nagesh Kukunoor,3,7.066666666666666
Lana Wachowski,5,7.06
Lilly Wachowski,5,7.06
Peter Spirer,2,7.050000000000001
Chris Bell,2,7.050000000000001
Sameer Vidwans,2,7.050000000000001
Bruce Beresford,2,7.05
Yorgos Lanthimos,2,7.05
Michael Simon,5,7.040000000000001
Neal Brennan,3,7.033333333333334
Ric Roman Waugh,3,7.033333333333334
Maroun Baghdadi,3,7.033333333333334
Vrinda Samartha,1,7.0
Clay Tweel,1,7.0
Matt Reeves,1,7.0
Riccardo Pilizzeri,1,7.0
Kitaro Kosaka,1,7.0
Onur Bilgetay,1,7.0
Tenzing Sonam,1,7.0
Ritu Sarin,1,7.0
Stanisław Różewicz,1,7.0
Charlie McDowell,1,7.0
Julien Rambaldi,1,7.0
Haile Gerima,1,7.0
Saul Dibb,1,7.0
Rodolphe Guenoden,1,7.0
Sandeep Reddy Vanga,1,7.0
Russell Crowe,1,7.0
Tyler Measom,1,7.0
Joshua Zeman,1,7.0
Tom Donahue,1,7.0
Jerry Seinfeld,1,7.0
Marc Abraham,1,7.0
Cosmo Feilding-Mellen,1,7.0
Shanavas K. Bavakutty,1,7.0
Andrea Arnold,1,7.0
Robert Eggers,1,7.0
Peter Foott,1,7.0
Robert Markowitz,1,7.0
Vijay Kumar Arora,1,7.0
Christian Gudegast,1,7.0
Aditya Kripalani,1,7.0
Cecilia Verheyden,1,7.0
Jeff Tomsic,1,7.0
Francisco Macri,1,7.0
Florian Gallenberger,1,7.0
Chike,1,7.0
Coodie,1,7.0
Robb Dipple,1,7.0
Shane Acker,1,7.0
Tolu Awobiyi,1,7.0
Louis Pepe,1,7.0
Mike Hodges,1,7.0
Keith Fulton,1,7.0
Michael Mazzola,1,7.0
Julian Jarrold,1,7.0
Errol Morris,1,7.0
Chris Burkard,1,7.0
Niki Caro,1,7.0
Wayne Blair,1,7.0
John Mitchell,1,7.0
David Hebditch,1,7.0
Kim Seong-hun,1,7.0
Kornél Mundruczó,1,7.0
Chris Moukarbel,1,7.0
Michael Bonfiglio,1,7.0
Alejandro Hartmann,1,7.0
Chris Rock,1,7.0
Sonia Kennebeck,1,7.0
Will Allen,1,7.0
Ola Flyum,1,7.0
John Butler,1,7.0
Asim Raza,1,7.0
Isaac Rentz,1,7.0
Matt Tyrnauer,1,7.0
Akshay Shankar,1,7.0
Michael Del Monte,1,7.0
Davis Guggenheim,1,7.0
Chris Eneng Enaji,1,7.0
Chris Foggin,1,7.0
Ifeanyi Ikpoenyi,1,7.0
Sridhar Rangayan,2,7.0
Jay Oliva,1,7.0
Shady Hanna,1,7.0
Sam Fell,1,7.0
Chris Butler,1,7.0
Jeff Tremaine,1,7.0
Atul Kale,1,7.0
Romain Gavras,1,7.0
Clay Kaytis,1,7.0
Viridiana Lieberman,1,7.0
Heather Walsh,1,7.0
Gaëtan Brizzi,1,7.0
Paul Brizzi,1,7.0
Joan C. Gratz,1,7.0
Mohammed Saeed Harib,1,7.0
Tomm Moore,1,7.0
Nina Paley,1,7.0
Nora Ephron,1,7.0
Bill Plympton,1,7.0
Joann Sfar,1,7.0
James D. Stern,1,7.0
Fernando Villena,1,7.0
Cyrus Saidi,1,7.0
Michael Socha,1,7.0
Rob Marshall,2,7.0
Sydney Sibilia,1,7.0
Tim Story,2,7.0
Han Qing,1,7.0
Len Wiseman,1,7.0
David Lee Miller,1,7.0
Damien Piscarel,1,7.0
David Wnendt,1,7.0
Jeff Nichols,3,7.0
Pavitra Chalam,1,7.0
Mamoru Hosoda,1,7.0
Lygia Barbosa da Silva,1,7.0
Sylvester Stallone,3,7.0
Andreas Pichler,1,7.0
Ben Nicholas,1,7.0
Fellipe Barbosa,1,7.0
James Spinney,1,7.0
Basu Chatterjee,2,7.0
Khalid Rahman,1,7.0
Peter Middleton,1,7.0
Justin Chon,1,7.0
Danny Leiner,1,7.0
Karim Amer,1,7.0
David Tryhorn,1,7.0
Eliane Brum,1,7.0
Harshavardhan Kulkarni,1,7.0
Vijay Kumar,1,7.0
Marc Levin,1,7.0
Burhan Qurbani,1,7.0
Florian Schott,1,7.0
Elías León,1,7.0
Colin Dench,1,7.0
Dharmendra Suresh Desai,1,7.0
Jeremy Kipp Walker,1,7.0
Page Hurwitz,1,7.0
Elaine McMillion Sheldon,3,6.966666666666668
Barry Levinson,3,6.966666666666666
Mike Clattenburg,3,6.966666666666666
Jay Karas,13,6.953846153846154
Florent Bodin,2,6.95
Neil Jordan,2,6.95
Haifaa Al-Mansour,2,6.95
Prakash Mehra,2,6.95
John Dahl,2,6.949999999999999
Oliver Stone,4,6.949999999999999
Jon Favreau,2,6.949999999999999
Lasse Hallström,7,6.942857142857143
Youssef Chahine,10,6.94
Sudhir Mishra,3,6.933333333333333
Anurag Kashyap,6,6.933333333333333
Vishal Bhardwaj,5,6.92
Cathy Garcia-Molina,11,6.909090909090909
Banjong Pisanthanakun,3,6.900000000000001
Hernán Guerschuny,1,6.9
Theo Davies,1,6.9
Jason Cohen,1,6.9
John Maclean,1,6.9
Cosmo Segurson,1,6.9
Joe Murray,1,6.9
Peter Sattler,1,6.9
Brad Rothschild,1,6.9
Jon Reiner,1,6.9
Amitoj Mann,2,6.9
Anoop Sathyan,1,6.9
Gerry Hoban,1,6.9
Ludovic Bernard,1,6.9
Jeffrey Nachmanoff,1,6.9
Antonin Baudry,1,6.9
Kyoko Miyake,1,6.9
Azfar Jafri,1,6.9
Devashish Makhija,1,6.9
Phil Morrison,1,6.9
Katherine Fairfax Wright,1,6.9
Ishi Rudell,2,6.9
Mir-Jean Bou Chaaya,1,6.9
Anthony Caronna,1,6.9
Denis Villeneuve,1,6.9
Alexandre Espigares,1,6.9
Francesco Amato,1,6.9
Paul Soriano,1,6.9
Abhishek Varman,1,6.9
Felix Thompson,1,6.9
Dan Kwan,1,6.9
Pan Nalin,1,6.9
Alison Klayman,2,6.9
Kanwal Sethi,1,6.9
Daniel Scheinert,1,6.9
Mariano Barroso,1,6.9
Brian McGinn,1,6.9
Jeremiah Zagar,1,6.9
Ulises Valencia,1,6.9
Alexander Smith,1,6.9
Nishanth Ravindaran,1,6.9
Benson Lee,1,6.9
Chan-sang Lim,1,6.9
Kathleen Hepburn,1,6.9
Elle-Máijá Tailfeathers,1,6.9
Brian Helgeland,1,6.9
Ken Hughes,1,6.9
Rima Das,1,6.9
Marc Forster,2,6.9
Tim Skousen,1,6.9
Jeremy Coon,1,6.9
Carlos Vermut,1,6.9
Soukarya Ghosal,1,6.9
Shanjey Kumar Perumal,1,6.9
Nuhash Humayun,1,6.9
Syed Ahmed Shawki,1,6.9
Rahat Rahman,1,6.9
Robiul Alam Robi,1,6.9
Golam Kibria Farooki,1,6.9
Mir Mukarram Hossain,1,6.9
Tanvir Ahsan,1,6.9
Mahmudul Islam,1,6.9
Abdullah Al Noor,1,6.9
Krishnendu Chattopadhyay,1,6.9
Syed Saleh Ahmed Sobhan,1,6.9
Greg Young,1,6.9
Mrighdeep Singh Lamba,1,6.9
Stuart Sender,1,6.9
Krysia Plonka,1,6.9
Macon Blair,1,6.9
Stéphane Berla,1,6.9
Jerrold Tarog,2,6.9
Kevin Layne,2,6.9
B. Unnikrishnan,1,6.9
Mathias Malzieu,1,6.9
Kookie V. Gulati,1,6.9
Liz Garbus,2,6.9
Jathin Sanker Raj,1,6.9
Justin Webster,1,6.9
Jos Humphrey,1,6.9
Josh Alexander,1,6.9
Lucy Cohen,1,6.9
Nathan Landeg,1,6.9
Feng Xiaogang,1,6.9
Ritesh Batra,1,6.9
Jason Moore,1,6.9
Frank Paur,1,6.9
Josh Izenberg,1,6.9
Wynn Padula,1,6.9
Simon Curtis,1,6.9
Afia Nathaniel,1,6.9
Arne Birkenstock,1,6.9
Charles A. Nichols,1,6.9
Iwao Takamoto,1,6.9
Ísold Uggadóttir,1,6.9
Jon Turteltaub,1,6.9
Luis Lopez,2,6.9
Kim A. Snyder,1,6.9
Sundar C.,1,6.9
Umesh Bist,1,6.9
Jon Garaño,2,6.9
Denis Do,1,6.9
Aitor Arregi,2,6.9
Vincent Ward,1,6.9
Todor Chapkanov,1,6.9
David A. Vargas,1,6.9
Phil Lord,1,6.9
Christopher Miller,1,6.9
Kenneth Gyang,2,6.9
Tensai Okamura,2,6.9
Apurva Dhar Badgaiyann,1,6.9
Julian Schnabel,1,6.9
Briar Grace-Smith,1,6.9
Sue Ding,1,6.9
Ainsley Gardiner,1,6.9
Ertanto Robby Soediskam,1,6.9
Rudge Campos,1,6.9
Junior Carelli,1,6.9
Gautham Vasudev Menon,2,6.9
Marcus Clarke,1,6.9
Jeff Stilson,1,6.9
Yin Chen-hao,1,6.9
Maribel Sánchez-Maroto,1,6.9
Victor Vu,1,6.9
Rush Sturges,1,6.9
Lee Hirsch,1,6.9
Joshua Rofé,1,6.9
Kongkiat Khomsiri,1,6.9
Raj Kapoor,3,6.8999999999999995
Roger Allers,3,6.8999999999999995
Raj Kumar Gupta,3,6.8999999999999995
Ron Howard,6,6.883333333333333
Prakash Jha,5,6.880000000000001
Antoine Fuqua,4,6.875
Joel Coen,3,6.866666666666667
Ethan Coen,3,6.866666666666667
Bobcat Goldthwait,3,6.866666666666667
Subhash Ghai,3,6.866666666666667
Alex Proyas,2,6.85
Gregory Hoblit,4,6.85
Vinil Mathew,2,6.85
Mahesh Manjrekar,2,6.85
Angga Dwimas Sasongko,2,6.85
Lewis Milestone,2,6.85
Ruben Fleischer,2,6.85
Jason Reitman,2,6.85
Sam Raimi,2,6.85
Upi Avianto,2,6.85
Gilles Paquet-Brenner,2,6.85
Dave Higby,2,6.85
Simon Stone,2,6.85
Ross Kauffman,2,6.85
Kunle Afolayan,5,6.839999999999999
Lekh Tandon,3,6.833333333333333
Andibachtiar Yusuf,3,6.833333333333333
Werner Herzog,4,6.825
Yılmaz Erdoğan,4,6.825
Abhishek Chaubey,4,6.825
Joram Lürsen,2,6.800000000000001
Don Bluth,2,6.800000000000001
Chris Howe,2,6.800000000000001
Luis Valdez,2,6.800000000000001
Tim Burton,3,6.800000000000001
Alan Alda,1,6.8
Wong Fei-Pang,1,6.8
Peter Nicks,1,6.8
Edoardo Ponti,1,6.8
Vikram Gandhi,1,6.8
Maya Gallus,1,6.8
Matt Palmer,1,6.8
Babak Anvari,1,6.8
Masaaki Yuasa,1,6.8
Eric Abrams,1,6.8
Marti Noxon,1,6.8
Ng Ka-Leung,1,6.8
Alejandro Agresti,1,6.8
Omung Kumar,1,6.8
Barry Avrich,3,6.8
David Leveaux,1,6.8
Yacine Belhousse,1,6.8
Fred Cavayé,1,6.8
Richard Phelan,1,6.8
Israel Adrián Caetano,2,6.8
Zune Kwok,1,6.8
Tommy Wirkola,1,6.8
Allen Hughes,1,6.8
Jeethu Joseph,1,6.8
Chris Kelly,1,6.8
Albert Hughes,1,6.8
Will Gluck,2,6.8
Kurt Voelker,1,6.8
Pang Ho-cheung,2,6.8
Reiner Holzemer,1,6.8
André Øvredal,1,6.8
Will Becher,1,6.8
Elite Zexer,1,6.8
Chow Kwun-wai,1,6.8
Mark Lo,1,6.8
Jevons Au,1,6.8
Buzz Kulik,1,6.8
Audu Paden,2,6.8
Greg Whiteley,1,6.8
Muh Chen,1,6.8
Gus Van Sant,2,6.8
Cho Li,1,6.8
Chen Hung-yi,1,6.8
Liu Bang-yao,1,6.8
Lin Guan-fu,1,6.8
Shen Chi,1,6.8
YC Tom Lee,1,6.8
Rajesh Ganguly,1,6.8
David Lowery,1,6.8
Hiromasa Yonebayashi,1,6.8
Manuel Alcalá,1,6.8
Oliver Schmitz,1,6.8
George Miller,1,6.8
Joe Mantello,1,6.8
Blair Simmons,1,6.8
Alice Mathias,1,6.8
Michael Anderson,1,6.8
Ben Wallis,2,6.8
Naresh Saigal,1,6.8
Eric Radomski,1,6.8
Dustin McKenzie,1,6.8
Jaume Collet-Serra,1,6.8
Lesli Linka Glatter,1,6.8
Kasper Barfoed,1,6.8
Karim El Shenawy,1,6.8
TT The Artist,1,6.8
Barney Clay,1,6.8
Dustin Hoffman,1,6.8
Anna Stone,1,6.8
Rajeev Patil,1,6.8
Linda Mendoza,3,6.8
Laura Fairrie,1,6.8
Vicente Villanueva,1,6.8
David Moreton,1,6.8
Michael Tolajian,1,6.8
Lance Daly,1,6.8
J.C. Falcón,1,6.8
Tom O'Dell,1,6.8
Hari Nath,1,6.8
Andrew Meier,1,6.8
Mark Franchetti,1,6.8
Jason Sussberg,1,6.8
Jasmine D'Souza,1,6.8
David Alvarado,1,6.8
Skye Borgman,1,6.8
Al Campbell,1,6.8
Kyle Patrick Alvarez,1,6.8
Pradeep Verma,1,6.8
Aanand Rai,1,6.8
Paul Dano,1,6.8
Anas Khan,1,6.8
José Luis Ucha,1,6.8
George Gallo,1,6.8
Robert Cullen,1,6.8
Ben Younger,1,6.8
Chris Williams,1,6.8
David Shisgall,1,6.8
Conrad Vernon,1,6.8
David Frankel,1,6.8
Akhil Paul,1,6.8
Paul Greengrass,2,6.8
Alberto Rodríguez,1,6.8
Andreas Johnsen,1,6.8
Ivona Juka,1,6.8
Digo Ricio,1,6.8
Vijay Roche,1,6.8
Lance Bangs,6,6.783333333333332
Lynn Shelton,3,6.766666666666667
BB Sasore,3,6.766666666666666
Parkpoom Wongpoom,2,6.75
Dan Gilroy,2,6.75
J.C. Chandor,2,6.75
John Hillcoat,2,6.75
Syrine Boulanouar,2,6.75
James Bobin,2,6.75
Colin Trevorrow,2,6.75
Demetri Martin,2,6.75
Santosh Sivan,2,6.75
Wael Ehsan,2,6.75
Shakun Batra,2,6.75
Brian Oakes,2,6.75
Akiva Schaffer,2,6.75
Christopher Nolen,2,6.75
Mike Flanagan,4,6.75
Antoinette Jadaone,4,6.7250000000000005
Spike Lee,5,6.720000000000001
Jay Chapman,11,6.718181818181818
Nancy Meyers,1,6.7
Nishil Sheth,1,6.7
Felix Van Groeningen,1,6.7
Sam O'Steen,1,6.7
Eric Khoo,1,6.7
Felix van Groeningen,1,6.7
Eddie Martin,1,6.7
Dan Kuenster,1,6.7
Tony Scott,2,6.7
Beeban Kidron,1,6.7
Partho Ghosh,1,6.7
Stephen Cone,1,6.7
Eric Summer,1,6.7
Bernard Rose,1,6.7
Selvamani Selvaraj,1,6.7
Guillaume Renard,1,6.7
Éric Warin,1,6.7
Julio Fernández Talamantes,1,6.7
Eva Orner,1,6.7
Stephen Hopkins,1,6.7
Nanette Burstein,1,6.7
Sebastián Schindel,1,6.7
Manjeet Maan,1,6.7
Gary Goldman,1,6.7
John Irvin,1,6.7
Mario Briongos,1,6.7
Ilya Naishuller,1,6.7
Tanawat Aiemjinda,1,6.7
Rucha Humnabadkar,1,6.7
Manjari Makijany,1,6.7
Mati Diop,1,6.7
Derek Hui,1,6.7
Pierfrancesco Diliberto,1,6.7
Taylor Morden,1,6.7
Lara Saba,1,6.7
Marlene Melchior,1,6.7
Peter Svatek,1,6.7
Matthew Heineman,1,6.7
Ian Daniel,1,6.7
Philippe Aractingi,2,6.7
Maria Ripoll,1,6.7
Bob Odenkirk,1,6.7
Samuel D. Pollard,1,6.7
Amardeep Singh Gill,1,6.7
Kathryn Bigelow,1,6.7
Chi Fat Chan,1,6.7
Tinnu Anand,1,6.7
Adam McKay,3,6.7
Ariel Vromen,1,6.7
Ira Sachs,1,6.7
Grant Sputore,1,6.7
Amit Barot,1,6.7
Andrew Nackman,1,6.7
Aditya Vikram Sengupta,1,6.7
Lawrence Kasdan,1,6.7
Arnon Manor,1,6.7
Devin Chanda,1,6.7
Saratswadee Wongsomphet,1,6.7
Matt Ogens,1,6.7
Timothy Ware-Hill,1,6.7
Jérémie Levypon,1,6.7
Bigflo & Oli,1,6.7
Jonathan Lynn,1,6.7
Tigmanshu Dhulia,1,6.7
Janet Tobias,1,6.7
Junichi Sato,1,6.7
Claus Wehlisch,1,6.7
Tomotaka Shibayama,1,6.7
Daniel Espinosa,1,6.7
Michèle Ohayon,2,6.7
Udai Singh Pawar,1,6.7
Tyler Greco,1,6.7
Jordana Spiro,1,6.7
Heidi Saman,1,6.7
Sameer Patil,1,6.7
Brett Haley,1,6.7
Roberto Santucci,1,6.7
Nicholas Hytner,1,6.7
Suhas Kadav,1,6.7
Anissa Bonnefont,1,6.7
Miguel Ángel Lamata,1,6.7
Gurinder Chadha,1,6.7
Takeshi Nozue,1,6.7
Keiichi Hara,1,6.7
Ash Brannon,1,6.7
Rob McKittrick,1,6.7
Sartaj Singh Pannu,1,6.7
David Wain,1,6.7
Shojiro Nishimi,1,6.7
Sian Heder,1,6.7
Peter Lord,1,6.7
Paul Andrew Williams,2,6.7
Raj Mehta,1,6.7
Maz Jobrani,1,6.7
Christian Tureaud,1,6.7
David Pablos,1,6.7
Gina Prince-Bythewood,1,6.7
John Sanford,1,6.7
Burak Aksak,1,6.7
Kristian Levring,1,6.7
Roman Gackowski,1,6.7
Susan Johnson,1,6.7
Raja Menon,1,6.7
John Wells,1,6.7
Elaine Bogan,1,6.7
Bryan Buckley,1,6.7
David Salzberg,1,6.7
Kabir Bhatia,1,6.7
Raúl Arévalo,1,6.7
Neeraj Ghaywan,1,6.7
Richard Miron,1,6.7
Funke Akindele,1,6.7
Sibusiso Khuzwayo,1,6.7
Kayoze Irani,1,6.7
Jeff Newitt,1,6.7
Sara Colangelo,1,6.7
Jason Kwan,1,6.7
Antonio Chavarrías,1,6.7
Brendan Toller,1,6.7
Geetu Mohandas,1,6.7
Christian Zübert,1,6.7
Julie Dash,1,6.7
Will Yapp,1,6.7
Malik Vitthal,1,6.7
Ellen Page,1,6.7
Orson Welles,1,6.7
Andreas Prochaska,1,6.7
Eric Darnell,2,6.699999999999999
Andrew Duncan,2,6.699999999999999
John Dower,2,6.699999999999999
Bejoy Nambiar,3,6.699999999999999
Shalini Kantayya,2,6.699999999999999
Tom McGrath,2,6.699999999999999
Scott Hicks,2,6.699999999999999
Rano Karno,2,6.699999999999999
Adam Shankman,3,6.666666666666667
Satish Rajwade,3,6.666666666666667
Jun Lana,3,6.666666666666667
Imtiaz Ali,6,6.666666666666667
Mae Czarina Cruz,5,6.659999999999999
Noam Murro,2,6.65
Chia-Liang Liu,2,6.65
Michael Showalter,2,6.65
Sachin,2,6.65
Trey Edward Shults,2,6.65
Courtney Hunt,2,6.65
Marcus Raboy,14,6.6499999999999995
Olivia M. Lamasan,3,6.633333333333333
Frank Oz,3,6.633333333333333
Pablo Larraín,3,6.633333333333333
Thierry Donard,5,6.62
Jay Roach,5,6.619999999999999
Zoya Akhtar,6,6.616666666666666
Jane Campion,3,6.6000000000000005
Dibakar Banerjee,6,6.6000000000000005
Sylvain Blais,1,6.6
Sam Levinson,1,6.6
Raz Degan,1,6.6
Francisco Ruiz Velasco,1,6.6
Andrew L. Schmidt,1,6.6
Kingsley Ogoro,1,6.6
Lydia Tenaglia,1,6.6
Julia Hart,1,6.6
Dare Olaitan,1,6.6
Michał Tylka,1,6.6
Ian Nelms,1,6.6
Jastis Arimba,1,6.6
Johane Matte,1,6.6
Anthony Veiller,1,6.6
Christopher Chambers,1,6.6
Alan Yang,1,6.6
Dani de la Orden,1,6.6
Tade Ogidan,1,6.6
Louis J. Horvitz,1,6.6
Edward Cotterill,1,6.6
Saurabh Sinha,1,6.6
Alma Har'el,1,6.6
Zoe Lister-Jones,1,6.6
Scott Speer,1,6.6
Sean Hanish,1,6.6
Isabel Coixet,1,6.6
Zach Braff,1,6.6
Kim Jong-kwan,1,6.6
Jeon Go-woon,1,6.6
Karim El Sobky,1,6.6
Yim Pilsung,1,6.6
Lee Kyoungmi,1,6.6
Stephanie Zwane,1,6.6
Mijke de Jong,1,6.6
Dhilip Kumar,1,6.6
Scott L. Montoya,1,6.6
Manav Shah,1,6.6
Barbra Streisand,1,6.6
Richard Donner,1,6.6
Sabrina Rochelle Kalangie,1,6.6
Shivam Nair,2,6.6
Lyric R. Cabral,1,6.6
Eshom Nelms,1,6.6
Ayman Makram,1,6.6
Merawi Gerima,1,6.6
Andrew Stanton,1,6.6
Harry Bradbeer,1,6.6
Gideon Raff,1,6.6
Hugh Stewart,1,6.6
David Felix Sutcliffe,1,6.6
Meng Hua Ho,1,6.6
Takeshi Fukunaga,1,6.6
Ui-seok Jo,1,6.6
Shaz Bennett,1,6.6
Robbie Grewal,1,6.6
Julio Quintana,1,6.6
Ben Patterson,1,6.6
Alan J. Pakula,1,6.6
Roy Boulting,1,6.6
Michael Carney,1,6.6
Gil Kenan,1,6.6
Wim Wenders,1,6.6
Paween Purikitpanya,1,6.6
John Huston,2,6.6
Fajar Bustomi,4,6.6
Songyos Sugmakanan,1,6.6
Visute Poolvoralaks,1,6.6
Can Ulkay,1,6.6
José Miguel Contreras,1,6.6
Brian Volk-Weiss,1,6.6
Rahul Dholakia,1,6.6
Pass Patthanakumjon,1,6.6
Chris Miller,1,6.6
Ana Kokkinos,1,6.6
Leanne Gater,1,6.6
John Sturges,1,6.6
Will Lockhart,1,6.6
Jon Carey,1,6.6
Alain Desrochers,1,6.6
Freddie Waters,1,6.6
Isabel Sandoval,1,6.6
Ignacio Jaunsolo,1,6.6
Cole D. Pruitt,1,6.6
Mandla Dube,1,6.6
Dave Skinner,1,6.6
Sanjay Dayma,1,6.6
Jon Schnitzer,1,6.6
Thomas Meadmore,1,6.6
Anurag Basu,4,6.6
Justin Krook,1,6.6
Alain Gagnol,1,6.6
Jean-Loup Felicioli,1,6.6
William Wyler,1,6.6
Venky Kudumula,1,6.6
Cheang Pou Soi,1,6.6
Emil Ben-Shimon,1,6.6
Susanne Bier,1,6.6
Rahul Rawail,1,6.6
Charlie Kaufman,1,6.6
Tom Forrest,1,6.6
Amanda Raymond,1,6.6
Thomas Vinterberg,1,6.6
Vincente Minnelli,1,6.6
Eric Schlosser,1,6.6
Smriti Keshari,1,6.6
Charles Walters,1,6.6
Sameer Sharma,1,6.6
Kevin Ford,1,6.6
Marco Pontecorvo,1,6.6
Michael Steiner,1,6.6
Oluseyi Asurf,2,6.6
Tom Holland,1,6.6
Kevin Phillips,1,6.6
Ivan Sen,1,6.6
Lee Kae-byeok,1,6.6
Unjoo Moon,1,6.6
Gerard Barrett,1,6.6
Adam Darke,1,6.6
Billy Lyons,1,6.6
Prashant Nair,1,6.6
Cheng Wei-hao,1,6.6
Martin Campbell,5,6.58
Fernando González Molina,4,6.575
Atom Egoyan,3,6.566666666666667
Scott Zabielski,3,6.566666666666667
Todd Phillips,3,6.566666666666666
Pidi Baiq,3,6.566666666666666
Abhishek Kapoor,2,6.550000000000001
James Mangold,2,6.550000000000001
Michael Cuesta,2,6.550000000000001
Dante Lam,2,6.55
Gary Fleder,2,6.55
Baran bo Odar,2,6.55
Jonathan Levine,2,6.55
Bert Marcus,2,6.55
Sion Sono,2,6.55
Sean Penn,2,6.55
Sam Liu,4,6.55
Peyton Reed,3,6.533333333333334
Simon Wells,3,6.533333333333334
David Ayer,3,6.533333333333334
Ashutosh Gowariker,4,6.5249999999999995
Amitabha Singh,1,6.5
Andrew Davis,1,6.5
Ben Wheatley,2,6.5
Dado C. Lumibao,1,6.5
Duncan Skiles,1,6.5
Ethan Hawke,1,6.5
Manuel Martín Cuenca,1,6.5
Harry Elfont,1,6.5
Yanyong Kuruaungkoul,1,6.5
Bahij Hojeij,1,6.5
Anthony Wonke,1,6.5
Greg Berlanti,1,6.5
Phil Burgers,1,6.5
Nonzee Nimibutr,1,6.5
Christopher Guest,2,6.5
Tig Notaro,1,6.5
Jalil Lespert,3,6.5
Salima Koroma,1,6.5
Ekene Som Mekwunye,1,6.5
Daniel J. Clark,1,6.5
Lucky Kuswandi,1,6.5
Tània Balló,1,6.5
Frédéric Tonolli,1,6.5
Phil Nibbelink,1,6.5
Thierry Demaizière,2,6.5
Vincent Perez,1,6.5
Gauravv K Chawla,1,6.5
Gareth Evans,2,6.5
Gianfranco Rosi,2,6.5
Deepa Mehta,1,6.5
Anne Fletcher,1,6.5
Han Yan,1,6.5
Don Argott,1,6.5
Sohail Tatari,1,6.5
Claire Scanlon,1,6.5
Hayden Schlossberg,1,6.5
Soudade Kaadan,1,6.5
Lucas Santa Ana,1,6.5
Ken Kwapis,1,6.5
Patrick Tatopoulos,1,6.5
Sheena M. Joyce,1,6.5
Amit Roy,1,6.5
Matthew Salleh,1,6.5
Mark Williams,1,6.5
Andy Serkis,1,6.5
Mike Nicoll,1,6.5
Jon Hurwitz,1,6.5
Enah Johnscott,1,6.5
Mark Tonderai,2,6.5
Josef Fares,1,6.5
Michael Lennox,1,6.5
Remi Weekes,1,6.5
Deborah Kaplan,1,6.5
V C Abhilash,1,6.5
Claire McCarthy,1,6.5
Stuart Baird,1,6.5
A.R. Murugadoss,2,6.5
Grant Singer,1,6.5
Francesco Imperato,1,6.5
Nam Ron,1,6.5
Alban Teurlai,2,6.5
Vijay Maurya,1,6.5
Alan Rickman,1,6.5
Andrew Mogel,1,6.5
Everardo González,1,6.5
Matt Kay,1,6.5
Na Hyeon,1,6.5
Yuen Woo-ping,1,6.5
Jim Strouse,1,6.5
Salvador Calvo,1,6.5
Alejandro Fernández Almendras,1,6.5
Gary Winick,1,6.5
Mehdi Idir,1,6.5
Bolanle Austen-Peters,1,6.5
Arun Vaidyanathan,1,6.5
Grand Corps Malade,1,6.5
Curtis Hanson,1,6.5
Fabio Grassadonia,1,6.5
Antonio Piazza,1,6.5
Jean-Pierre Dardenne,1,6.5
Wong Kar Wai,1,6.5
Luc Dardenne,1,6.5
Leslye Headland,1,6.5
Justin Benson,1,6.5
Valeria Pivato,1,6.5
C.J. Wallis,1,6.5
Will Eisenberg,1,6.5
Jadesola Osiberu,1,6.5
Steve Paley,1,6.5
Kristine Stolakis,1,6.5
Mahmoud al Massad,1,6.5
Maximilian Erlenwein,1,6.5
Robert Zemeckis,3,6.5
Yesim Ustaoglu,1,6.5
Takeru Nakajima,1,6.5
Gillian Armstrong,1,6.5
Brian Knappenberger,1,6.5
Yoshiyuki Okada,1,6.5
Jonás Trueba,1,6.5
Peggy Holmes,1,6.5
Sean Anders,1,6.5
Michael Radford,1,6.5
Dino Risi,2,6.5
Ayumu Watanabe,1,6.5
Floria Sigismondi,1,6.5
Ben A. Williams,1,6.5
Michael Bay,3,6.5
Robin Swicord,2,6.5
Najwa Najjar,1,6.5
Cecilia Atán,1,6.5
Aaron Moorhead,1,6.5
Anvita Dutt,1,6.5
Camille Shooshani,1,6.5
John Haptas,1,6.5
Michael Barnett,1,6.5
Bhavin Wadia,1,6.5
Kristine Samuelson,1,6.5
Shammi Kapoor,1,6.5
Amr Arafa,1,6.5
Peter Segal,3,6.5
Kevin Peeples,1,6.5
Jo Sung-hee,1,6.5
Matias Mariani,1,6.5
Bunmi Ajakaiye,1,6.5
Mauricio Dias,1,6.5
Roger Spottiswoode,1,6.5
Lonzo Nzekwe,1,6.5
Akhigbe Ilozobhie,1,6.5
Tatiana Villela,1,6.5
J.M. Berrios,1,6.5
Josh Z. Weinstein,1,6.5
Gaspar Antillo,1,6.5
Randal Kleiser,2,6.5
Jarrad Paul,1,6.5
Crystal Moselle,1,6.5
Joshua Z. Weinstein,1,6.5
Tiffanie Hsu,1,6.5
Chris Baugh,1,6.5
Julia Knowles,1,6.5
Alaa Eddine Aljem,1,6.5
Massy Tadjedin,1,6.5
Roger Donaldson,3,6.466666666666666
Wolfgang Petersen,3,6.466666666666666
Stanley Moore,4,6.450000000000001
Alex Woo,4,6.450000000000001
Bill D'Elia,2,6.45
Oz Rodriguez,2,6.45
Pierre Morel,2,6.45
Shakti Samanta,2,6.45
George C. Wolfe,2,6.45
Olivier Assayas,2,6.449999999999999
Scott Aukerman,2,6.449999999999999
Paul Weitz,2,6.449999999999999
Omoni Oboli,5,6.44
Joe Berlinger,3,6.433333333333333
John G. Avildsen,5,6.419999999999999
Jesse Peretz,1,6.4
Charles Martin Smith,1,6.4
Oliver Kienle,1,6.4
Ryan Crego,1,6.4
Nils Tavernier,1,6.4
Scott Walker,1,6.4
Hugh WIlson,1,6.4
Bob Nelson,1,6.4
Phyllida Lloyd,1,6.4
Matheus Souza,1,6.4
Andrew Fleming,1,6.4
Ari Folman,1,6.4
Shanker Raman,1,6.4
Sydney Pollack,1,6.4
Suman Ghosh,1,6.4
Niels Arden Oplev,1,6.4
Amarpreet G S Chabbra,1,6.4
Edward Ellis,1,6.4
Flor Salcedo,1,6.4
Aaron Woolf,1,6.4
Brett Hedlund,1,6.4
Hirotsugu Kawasaki,1,6.4
Steve Antin,1,6.4
David Soren,1,6.4
Robert Radler,1,6.4
Rachit Kusonkoonsiri,1,6.4
Brandon Dickerson,1,6.4
Juan José Campanella,1,6.4
S. Shankar,1,6.4
Ry Russo-Young,1,6.4
Álvaro Longoria,1,6.4
Roland Emmerich,2,6.4
Theodore Melfi,1,6.4
Samuel Jouy,1,6.4
Yasir Nawaz,1,6.4
Michael Apted,1,6.4
Ahmed Medhat,1,6.4
Mona Achache,1,6.4
John Curran,1,6.4
Tirumala Kishore,1,6.4
Su I-Hsuan,1,6.4
Jason Priestley,1,6.4
Jeo Baby,1,6.4
Chuang Shiang-an,1,6.4
Raj Khosla,1,6.4
Ramesh Talwar,1,6.4
Jesse Adang,1,6.4
Aleksey German,1,6.4
Sung Do-jun,1,6.4
Kaspar Astrup Schröder,1,6.4
Nick Mead,1,6.4
Liu Yi,1,6.4
Nick Broomfield,2,6.4
Marianna Palka,1,6.4
Stephen Amezdroz,1,6.4
Chris Renaud,1,6.4
Patricia Tourancheau,1,6.4
Carlos Sorín,1,6.4
David Oelhoffen,1,6.4
Rajesh Mapuskar,1,6.4
Sedat Kirtan,1,6.4
Peter Chelsom,2,6.4
Ron Krauss,1,6.4
Olivia Newman,1,6.4
Michael Roberts,1,6.4
"Sam ""Blitz"" Bazawule",1,6.4
Ben Palmer,1,6.4
Julio Medem,1,6.4
Stephanie Laing,1,6.4
Alexandre Aja,1,6.4
Francine Parker,1,6.4
Dan Forrer,1,6.4
Jaume Balagueró,1,6.4
Jean-Simon Chartier,1,6.4
Rick Morales,1,6.4
Robert C. Ramirez,1,6.4
Jim Field Smith,1,6.4
Michael James Regan,1,6.4
Marina Willer,1,6.4
John Smithson,1,6.4
Mark Palansky,2,6.4
John Rice,1,6.4
Ricardo Trogi,1,6.4
Tim Rouhana,1,6.4
Rob LaDuca,1,6.4
Anna Boden,1,6.4
Ryan Fleck,1,6.4
Conor Allyn,1,6.4
Jacek Koprowicz,1,6.4
Randa Chahal Sabbag,1,6.4
Susannah Heath-Eves,1,6.4
Otilia Portillo Padua,1,6.4
Patricia Rozema,2,6.4
Amol Palekar,1,6.4
Ari Sandel,1,6.4
Mike McCoy,1,6.4
Scott Waugh,1,6.4
Jean-François Richet,1,6.4
Kery James,1,6.4
Leïla Sy,1,6.4
Pepe Mora,1,6.4
Burr Steers,1,6.4
Mariano Baez,1,6.4
Jeremy Rush,1,6.4
Remy Kohli,1,6.4
Martín Sastre,1,6.4
Franck Nataf,1,6.4
Julius Avery,1,6.4
Joseph Ruben,1,6.4
Atanu Mukherjee,1,6.4
Steve Pink,1,6.4
Yance Ford,1,6.4
Sanjib Dey,1,6.4
Kevin Munroe,1,6.4
Yuki Tanada,1,6.4
B. Subhash,1,6.4
Quek Shio-chuan,1,6.4
Thurop Van Orman,1,6.4
Kubilay Sarikaya,1,6.4
Naya Anindita,1,6.4
Anand Tucker,1,6.4
Phil Alden Robinson,1,6.4
Damon Cardasis,1,6.4
Datta Mohan Bhandare,1,6.4
Feroz,1,6.4
Luciano Vidigal,1,6.4
Gordon Chan,1,6.4
Amal Neerad,1,6.4
Cavi Borges,1,6.4
Antonio Campos,3,6.3999999999999995
William Lau,5,6.3999999999999995
Troy Miller,7,6.385714285714286
Kayode Kasum,4,6.375000000000001
Jeremy Saulnier,4,6.375
Johnnie To,7,6.371428571428571
Ivan Reitman,3,6.366666666666667
Timo Tjahjanto,3,6.366666666666667
Mateo Gil,2,6.35
Chito S. Roño,2,6.35
Ronna Gradus,2,6.35
Rako Prijanto,2,6.35
Jill Bauer,2,6.35
Kris Pearn,2,6.35
Sam Hobkinson,2,6.35
Patrick Brice,2,6.35
Kedar Shinde,2,6.35
Zack Snyder,2,6.35
Shashank Khaitan,2,6.35
Sudesh Manjrekar,2,6.35
Vlad Yudin,5,6.339999999999999
Bobby Farrelly,3,6.333333333333333
Vikram Bhatt,2,6.300000000000001
Dan Villegas,4,6.300000000000001
Brandon Camp,1,6.3
Diego Lerman,1,6.3
Vinay Bharadwaj,1,6.3
Leif Tilden,1,6.3
So Yong Kim,1,6.3
Fernando Coimbra,1,6.3
Måns Herngren,1,6.3
Daniel Lee,1,6.3
Kimo Stamboel,1,6.3
Jennifer Morrison,1,6.3
Alain Brunard,1,6.3
Marco Petry,1,6.3
Cate Shortland,1,6.3
Emmett Malloy,2,6.3
Carlos Marques-Marcet,1,6.3
Dylan Howitt,1,6.3
Mercedes Cordova,1,6.3
Ginny Mohler,1,6.3
Nic Mathieu,1,6.3
Lydia Dean Pilcher,1,6.3
Geun-hyun Cho,1,6.3
Mahmoud Sabbagh,1,6.3
Tony Elliott,1,6.3
Abhinay Deo,3,6.3
Sébastien Betbeder,1,6.3
Bronwen Hughes,1,6.3
Michael Damian,1,6.3
Cal Seville,2,6.3
Ted Emery,2,6.3
Laura Brownson,1,6.3
Selçuk Aydemir,1,6.3
Oren Uziel,1,6.3
Jason Krawczyk,1,6.3
Terry Loane,1,6.3
Donald Petrie,1,6.3
Phil Joanou,1,6.3
Jennifer Beamish,1,6.3
Tomas Portella,1,6.3
Toby Trackman,1,6.3
Wyatt Cenac,1,6.3
David Mrnka,1,6.3
Craig Johnson,1,6.3
Shazia Ali Khan,1,6.3
Elvira Lind,1,6.3
Katherine Brooks,1,6.3
Kim Sung-hoon,1,6.3
Oren Peli,1,6.3
Cho Il,1,6.3
Stig Bergqvist,1,6.3
Paul Demeyer,1,6.3
Atsajun Sattakovit,1,6.3
Garrett Bradley,1,6.3
Chad Hartigan,1,6.3
James Watkins,1,6.3
White Trash Tyler,1,6.3
Nathan Morlando,1,6.3
Wi Ding Ho,1,6.3
Rahat Kazmi,1,6.3
Jon Watts,1,6.3
Tom Whitworth,1,6.3
Luc Vinciguerra,1,6.3
Oleg Trofim,1,6.3
Han Han,1,6.3
Trisha Ziff,1,6.3
Frank Capra,2,6.3
Buta Singh,1,6.3
Anton Corbijn,1,6.3
Nuel Naval,1,6.3
Gregory Nava,1,6.3
Rana Eid,1,6.3
Jonathan Hensleigh,2,6.3
Cal Saville,1,6.3
Jocelyn Moorhouse,1,6.3
Genndy Tartakovsky,1,6.3
Sudip Bandyopadhyay,1,6.3
John Milius,1,6.3
Billy Ray,1,6.3
Christopher Caldwell,1,6.3
Karen Moncrieff,1,6.3
Chandra Prakash Dwivedi,1,6.3
Pascale Lamche,1,6.3
Marek Kanievska,1,6.3
Georges Hachem,1,6.3
Guillaume Pierret,1,6.3
Toshiyuki Tsuru,1,6.3
Elissa Down,1,6.3
Saheed Arafath,1,6.3
Yoon Sung-hyun,1,6.3
Leticia Jorge Romero,1,6.3
Dirk Laabs,1,6.3
Stefan Aust,1,6.3
Park In-je,1,6.3
Andrew Lau Wai-keung,1,6.3
Matthew Robinson,1,6.3
Juan Carlos Medina,1,6.3
Alan Mak,1,6.3
Fuwad Khan,1,6.3
Kasra Farahani,1,6.3
Mario Mattei,1,6.3
Jared Moshé,1,6.3
Jon Gunn,1,6.3
Hayden Guppy,1,6.3
Robert Krantz,1,6.3
Jonathan Sobol,1,6.3
Jonathan Mostow,1,6.3
Aniedi Anwah,1,6.3
Partho Sen-Gupta,1,6.3
Drake Doremus,3,6.3
Michael Harte,1,6.3
Olivier Marchal,2,6.3
Felix Herngren,1,6.3
Aaron Hancox,1,6.3
Juan Stadler,1,6.3
Steve Gukas,2,6.3
Nicholas Stoller,1,6.3
Le Van Kiet,1,6.3
Sean Cisterna,1,6.3
Cody Cameron,1,6.3
Alejandro De Grazia,1,6.3
Daniel Vernon,1,6.3
Weica Wang,2,6.3
Lance Hool,1,6.3
Gary David Goldberg,1,6.3
Lorene Scafaria,1,6.3
Prawal Raman,1,6.3
Amman Abbasi,1,6.3
Tanveer Khan,1,6.3
Dani de la Torre,1,6.3
Clay Porter,1,6.3
Michael McNamara,1,6.3
Rajan Madhav,1,6.3
Liu Jiang,1,6.3
Zeek Earl,1,6.3
Greg MacGillivray,3,6.3
Anik Datta,1,6.3
Aurora Guerrero,1,6.3
Karthik Subbaraj,3,6.266666666666667
Rohit Jugraj,3,6.266666666666667
Phillip Noyce,3,6.266666666666666
David Zucker,3,6.266666666666666
John Duigan,2,6.25
Gillian Robespierre,2,6.25
James Wong,2,6.25
Robert Altman,2,6.25
Toa Fraser,2,6.25
Muharrem Gülmez,2,6.25
Rod Blackhurst,2,6.25
Steven Soderbergh,6,6.25
Angelina Jolie,2,6.25
Andrew Niccol,2,6.25
Marcelo Galvão,2,6.25
Christopher Smith,2,6.25
Pratim D. Gupta,3,6.233333333333334
Lee Tamahori,3,6.233333333333333
Greg Barker,1,6.2
Ben C. Lucas,1,6.2
Riccardo Milani,1,6.2
Keenen Ivory Wayans,1,6.2
Christian Alvart,1,6.2
David Gordon Green,2,6.2
Kamal Sahani,1,6.2
Andy Capper,1,6.2
Tanuj Bhramar,1,6.2
Clementine Malpas,1,6.2
Arjun Jandyala,1,6.2
Sammaria Sari Simanjuntak,1,6.2
Martin Hodara,1,6.2
Ranjit Tiwari,1,6.2
Sylvain White,1,6.2
Mitch Dickman,1,6.2
Leslie Knott,1,6.2
Dallas Jenkins,1,6.2
John Fortenberry,2,6.2
Sunkanmi Adebayo,1,6.2
John Mikulak,1,6.2
John Banas,1,6.2
Madonna,1,6.2
John Crowley,1,6.2
Grant Heslov,1,6.2
Ravi Jadhav,1,6.2
Joshua Brown,1,6.2
Viju Mane,1,6.2
Nabil Ayouch,1,6.2
Agustí Villaronga,1,6.2
Francesco Lettieri,1,6.2
David Pastor,2,6.2
Hubert Woroniecki,1,6.2
Àlex Pastor,2,6.2
Girish Mohite,1,6.2
Bryn Evans,1,6.2
Stephen Chiodo,2,6.2
John Stephenson,1,6.2
Ramon Térmens,1,6.2
Lukasz Kosmicki,1,6.2
Lluís Quílez,1,6.2
Gaurav Narayanan,1,6.2
Kunal Deshmukh,1,6.2
Amir Galvan Cervera,1,6.2
Mitzi Vanessa Arreola,1,6.2
Taylor Hackford,1,6.2
Teddy Chan,1,6.2
Jamie M. Dagg,1,6.2
Angel Kristi Williams,1,6.2
Nicolas Lopez,1,6.2
John Papola,1,6.2
Ange Basterga,1,6.2
Philipp Eichholtz,1,6.2
David Michôd,2,6.2
Eric Notarnicola,1,6.2
Salmeen AlMurry Amer,1,6.2
Maryo J. De los Reyes,2,6.2
Erik Nelson,1,6.2
Rob Minkoff,4,6.2
Philip G. Atwell,1,6.2
Renato De Maria,1,6.2
Sarthak Dasgupta,1,6.2
Sopon Sukdapisit,1,6.2
Kazuaki Kiriya,1,6.2
Lucien Jean-Baptiste,1,6.2
Amanda Micheli,1,6.2
David Cronenberg,1,6.2
Jang Jae-hyun,1,6.2
Joe Swanberg,1,6.2
Jessica Yu,1,6.2
Jason Spingarn-Koff,1,6.2
Richard Loncraine,1,6.2
Yann Gozlan,1,6.2
Isao Yukisada,1,6.2
Jaivi Dhanda,1,6.2
Jeff Wadlow,2,6.2
Akshay Akkineni,1,6.2
Adam Bhala Lough,1,6.2
David Mirkin,1,6.2
Antonio Morabito,1,6.2
Eva Vives,1,6.2
Ben Foster,1,6.2
Andrew Dominik,1,6.2
Sally Potter,1,6.2
Anne Fontaine,1,6.2
Woo Min-ho,1,6.2
Taron Lexton,1,6.2
Max Joseph,1,6.2
Mark Dennis,1,6.2
Olav Njaastad,1,6.2
Benedict Andrews,1,6.2
Michael Rymer,1,6.2
John Erick Dowdle,1,6.2
Bharat Nalluri,1,6.2
Jenny Carchman,1,6.2
Ajay Phansekar,1,6.2
Dan Fraga,1,6.2
Javier Calvo,1,6.2
John Luessenhop,1,6.2
Craig Elrod,1,6.2
Javier Ambrossi,1,6.2
Wally Pfister,1,6.2
Nicole Holofcener,1,6.2
Noël Wells,1,6.2
Arthur Allan Seidelman,1,6.2
Jim Mickle,1,6.2
Anders Sømme Hammer,1,6.2
Daniel Noah,1,6.2
Adekunle Nodash Adejuyigbe,1,6.2
Carla Barros,1,6.2
Phil Roman,1,6.2
Johnny To,1,6.2
Marius Arnesen,1,6.2
Aleksey Tsitsilin,1,6.2
Klaus Erik Okstad,1,6.2
Sunil Thakur,1,6.2
Álex de la Iglesia,2,6.199999999999999
Hasan Karacadağ,2,6.199999999999999
Mukul Anand,2,6.199999999999999
Priyadarshan,6,6.183333333333334
Karan Johar,5,6.18
Chris Weitz,3,6.166666666666667
Ricky Gervais,3,6.166666666666667
Saket Chaudhary,2,6.15
Peter Berg,2,6.15
Sooraj R. Barjatya,4,6.15
Jason Paul Laxamana,2,6.15
Gerardo Olivares,2,6.15
Faris Godus,2,6.15
Barry Sonnenfeld,3,6.133333333333333
Alex Lehmann,3,6.133333333333333
Jared Hess,3,6.1000000000000005
Charles Stone III,3,6.1000000000000005
Shawn Levy,3,6.1000000000000005
Michael Dowse,3,6.1000000000000005
Walter Hill,3,6.1000000000000005
Jon Manning,1,6.1
Tommy O'Haver,1,6.1
Matías Bize,1,6.1
David L. Cunningham,1,6.1
Isaac Ezban,2,6.1
Steve Ball,2,6.1
Dash Shaw,1,6.1
Antoine Bardou-Jacquet,1,6.1
Nick Moore,1,6.1
Linda Otto,1,6.1
Binu Ulahhannan,1,6.1
Navot Papushado,1,6.1
Nima Nourizadeh,1,6.1
Jim Monaco,1,6.1
Biyi Bandele,1,6.1
Gerry Blaksley,1,6.1
Betty Thomas,1,6.1
Tim Blake Nelson,1,6.1
Pramod Pawar,1,6.1
Emmanuel Amara,1,6.1
Joel Gallen,2,6.1
Iain Softley,1,6.1
Federico Lemos,1,6.1
Eric Juhola,1,6.1
Chris McCoy,1,6.1
Morgan Ingari,1,6.1
Peter Thorwarth,1,6.1
Pete Travis,2,6.1
Jill Culton,1,6.1
Steve Hickner,1,6.1
Simon J. Smith,1,6.1
Danishka Esterhazy,1,6.1
Kinka Usher,1,6.1
Ralph Macchio,1,6.1
Tarek Al Eryan,2,6.1
Ezekiel Norton,2,6.1
Elliot Silverstein,1,6.1
Letizia Lamartire,1,6.1
John Ford,1,6.1
Bryan Singer,1,6.1
Dave Needham,1,6.1
Storm Saulter,1,6.1
Rohit Shetty,5,6.1
Howard Zieff,2,6.1
Zara Hayes,1,6.1
Abhishek Saxena,1,6.1
John Lee,1,6.1
Yuen Wo-Ping,1,6.1
Jennifer Phang,1,6.1
Mozez Singh,1,6.1
Daniel Effiong,1,6.1
Lauren Miller Rogen,1,6.1
Aditya Sarpotdar,2,6.1
Manoj Beedha,1,6.1
David Galán Galindo,1,6.1
Reema Kagti,1,6.1
Sushil Majumdar,1,6.1
Ti West,1,6.1
Bruno Ascenzo,1,6.1
Joanna Lombardi,1,6.1
David E. Talbert,2,6.1
Vijay Yelakanti,1,6.1
Wagner de Assis,1,6.1
Makarand Mane,1,6.1
Matt Shakman,1,6.1
Jeff Chan,1,6.1
Laura Terruso,1,6.1
Vijay,1,6.1
Reem Kherici,1,6.1
Miguel Ángel Vivas,1,6.1
Gaurav Bavdankar,1,6.1
Rikhil Bahadur,1,6.1
Latif Faiziyev,1,6.1
Yen Cheng-kuo,1,6.1
John A. Davis,1,6.1
Kitty Green,1,6.1
Isa Campo,1,6.1
Isaki Lacuesta,1,6.1
Vicky Wight,1,6.1
Jennifer Kaytin Robinson,1,6.1
Simranjit Singh Hundal,1,6.1
Ellen Brown,1,6.1
Kanika Batra,1,6.1
Kim Nguyen,2,6.1
Smeep Kang,1,6.1
Pat Healy,1,6.1
Azazel Jacobs,1,6.1
John Whitesell,1,6.1
Yoshiyuki Momose,1,6.1
Miguel Cohan,2,6.1
Rod Cabatana Marmol,1,6.1
Paul W.S. Anderson,3,6.066666666666666
Tyler Perry,2,6.050000000000001
Shlok Sharma,2,6.050000000000001
Robert O. Peters,2,6.05
David Dobkin,2,6.05
Stephen Herek,2,6.05
Rajiv Mehra,5,6.040000000000001
Robert Luketic,6,6.016666666666667
Haissam Hussain,1,6.0
Andaç Haznedaroğlu,1,6.0
Todd S. Yellin,1,6.0
Darragh O'Connell,1,6.0
Tamas Yvan Topolanszky,1,6.0
Patrice Laliberté,1,6.0
Jorge Blanco,1,6.0
Wash Westmoreland,1,6.0
Kunihiko Yuyama,2,6.0
Richard Laxton,1,6.0
Jon Avnet,1,6.0
Mikhail Red,2,6.0
Aaron Nee,1,6.0
Richard van't Riet,1,6.0
Santhosh Viswanath,1,6.0
Lance Young,1,6.0
Derek Yee,1,6.0
Ariel Schulman,1,6.0
Michael Pressman,1,6.0
Henry Joost,1,6.0
Takuma Sato,1,6.0
Richard Greenberg,1,6.0
Kyran Kelly,1,6.0
Katherine Dieckmann,1,6.0
Neil Triffett,1,6.0
Clark Johnson,1,6.0
Abbas Mustan,1,6.0
Khalid Mohamed,1,6.0
Michael Fimognari,1,6.0
Jazz Boon,1,6.0
Choi Jin-seong,1,6.0
Adam Nee,1,6.0
Mukesh Vohra,1,6.0
Oyefunke Fayoyin,1,6.0
You-Jeong Chang,1,6.0
Julia von Heinz,1,6.0
Benjamin Dickinson,1,6.0
Kader Aoun,1,6.0
Irwin Winkler,1,6.0
Elizabeth Chai Vasarhelyi,1,6.0
Ksshitij Chaudhary,2,6.0
Pablo Faro,1,6.0
Joe Robert Cole,1,6.0
Alex Ranarivelo,1,6.0
Trent Haaga,1,6.0
Gerard McMurray,1,6.0
Ava DuVernay,4,6.0
Sydney Freeland,1,6.0
Natalie Portman,1,6.0
Sabaah Folayan,1,6.0
Joshua Marston,1,6.0
Tathagata Banerjee,1,6.0
Keanu Reeves,1,6.0
Steve Saint Leger,1,6.0
James Mather,1,6.0
Donovan Marsh,1,6.0
Angshuman Ghosh,1,6.0
Tomas Brickhill,1,6.0
Chris Columbus,1,6.0
Joris Ivens,1,6.0
Kelly Reichardt,1,6.0
Ruel S. Bayani,2,6.0
Lone Scherfig,1,6.0
Renny Harlin,3,6.0
Daniel Stamm,2,6.0
Archie Hekagery,1,6.0
Gabe Ibáñez,1,6.0
Ken Marino,1,6.0
Damon Davis,1,6.0
David de Vos,1,6.0
Nicolas Brossette,1,6.0
Logan Kibens,1,6.0
William Eubank,1,6.0
Adam MacDonald,1,6.0
Will Eubank,1,6.0
Cüneyt Kaya,1,6.0
Lena Khan,1,6.0
Alejandra Márquez Abella,1,6.0
Mimi Leder,1,6.0
Gabe Klinger,1,6.0
Saara Cantell,1,6.0
Gaby Dellal,1,6.0
Eddie Mensore,1,6.0
Jan Suter,13,5.976923076923076
Aziz Mirza,3,5.966666666666666
Andy Tennant,5,5.959999999999999
Kevin Smith,5,5.959999999999999
Walter C. Miller,2,5.95
Pankaj Batra,2,5.95
Andy Fickman,2,5.95
Mark Raso,2,5.95
Shashanka Ghosh,2,5.95
Jack C. Newell,2,5.95
Stanley Tong,2,5.95
Nadia Hallgren,2,5.95
Dominic Sena,2,5.95
Baljit Singh Deo,2,5.95
Federico Veiroj,2,5.949999999999999
Wes Craven,2,5.949999999999999
Manolo Caro,2,5.949999999999999
Kemi Adetiba,3,5.933333333333334
Ishaya Bako,3,5.933333333333334
Onur Tukel,1,5.9
Richard Bates Jr.,1,5.9
Jack Starrett,1,5.9
Mark Rosman,1,5.9
Mangesh Hadawale,1,5.9
Nguyen Thanh Tung,1,5.9
Kenny Leon,1,5.9
Eric Bross,1,5.9
Rajiv Chilaka,2,5.9
Daniel Goldhaber,1,5.9
Luis Javier Henaine,1,5.9
Michael Petroni,1,5.9
Stuart Heisler,1,5.9
Ryan Koo,1,5.9
Jan Belcl,1,5.9
Selima Taibi,1,5.9
Sebastián Hofmann,1,5.9
Scott Moran,2,5.9
Bill Oliver,1,5.9
Rohit Mittal,1,5.9
Kevin Hooks,1,5.9
Norberto López Amado,1,5.9
Theodore Boborol,1,5.9
Natalia Valdebenito,1,5.9
Igor Kovalyov,1,5.9
Ossama Abu El Atta,1,5.9
Tony Leondis,1,5.9
Norton Virgien,1,5.9
Deep Joshi,1,5.9
Manatsanun Phanlerdwongsakul,1,5.9
Rob Meyer,1,5.9
Jackie van Beek,1,5.9
David Blair,1,5.9
Matt D'Elia,1,5.9
Mika Kaurismäki,1,5.9
Linas Phillips,1,5.9
Jen McGowan,1,5.9
Madeleine Sami,1,5.9
Dan Harris,1,5.9
Neeraj Udhwani,1,5.9
Swapnaneel Jayakar,1,5.9
Charlie Siskel,1,5.9
J.D. Dillard,1,5.9
Fermín Muguruza,1,5.9
Andrew Douglas,1,5.9
Faraday Okoro,1,5.9
K. Ramanlal,1,5.9
Evan Spiridellis,1,5.9
Kagiso Lediga,1,5.9
Numa Perrier,1,5.9
Owen Trevor,1,5.9
John Carchietta,1,5.9
Max Martini,1,5.9
Hua Shan,1,5.9
Jeff Gill,1,5.9
Sudipto Roy,1,5.9
Yee Tung-Shing,1,5.9
Frant Gwo,1,5.9
Sudhanshu Saria,1,5.9
Christopher Martin,1,5.9
Callie Khouri,1,5.9
Ed Lilly,1,5.9
A. Salaam,1,5.9
Nick Castle,2,5.9
Larry Elikann,1,5.9
Ulrike Kofler,1,5.9
Matthew Ross,1,5.9
Gary Mak,1,5.9
Jon Spira,1,5.9
P.T. Kunju Muhammad,1,5.9
Lin Oeding,1,5.9
Daniel Calparsoro,1,5.9
Marja Lewis Ryan,1,5.9
Michael Ritchie,1,5.9
Kike Maíllo,1,5.9
Wilson Coneybeare,1,5.9
Kim Jee-woon,1,5.9
Simon Wincer,3,5.8999999999999995
Obi Emelonye,3,5.8999999999999995
Anees Bazmee,6,5.883333333333333
Raúl Campos,12,5.883333333333333
Joyce Bernal,2,5.85
Dennis Dugan,4,5.85
Girish Malik,2,5.85
Michael J. Bassett,2,5.85
Ryan Murphy,2,5.85
Nicolas Pesce,2,5.85
Dee Rees,2,5.85
Hannah Fidell,2,5.85
Griffin Dunne,2,5.85
Leslie Small,7,5.8428571428571425
Andrew Lau Wai-Keung,3,5.833333333333333
Alex Díaz,3,5.833333333333333
Wong Jing,4,5.825000000000001
Peter Farrelly,4,5.825
Renzil D'Silva,2,5.800000000000001
Milan Luthria,4,5.800000000000001
Mandeep Kumar,1,5.8
Evan Katz,1,5.8
Chanon Yingyong,1,5.8
Julius R. Nasso,1,5.8
Kavi Raz,1,5.8
Louis Leterrier,1,5.8
Manbhavan Singh,1,5.8
John Hoffman,1,5.8
Prabhu Deva,1,5.8
Jan-Peter Horns,1,5.8
Gary Wheeler,1,5.8
Maxwell McGuire,1,5.8
Sabal Singh Shekawat,1,5.8
Lawrence Cheng,1,5.8
Mathieu Kassovitz,1,5.8
Nanfu Wang,1,5.8
Rodrigo Salomón,1,5.8
Harvey Glazer,1,5.8
Stuart Stone,1,5.8
Matt Kugelman,1,5.8
Michael Winterbottom,1,5.8
Perry Lang,1,5.8
Mike Wiluan,1,5.8
Bruce W. Smith,1,5.8
Swapna Waghmare Joshi,1,5.8
Daniel Schechter,1,5.8
Fernando Colomo,1,5.8
Chris Jenkins,1,5.8
Ben Young,1,5.8
Ham Tran,1,5.8
Pietro Scappini,1,5.8
Martin Wood,1,5.8
Phuwanit Pholdee,1,5.8
Teddy Lussi-Modeste,1,5.8
Ben Shelton,1,5.8
Benjamin Weill,1,5.8
Tariq Khan,1,5.8
Jeff Baena,3,5.8
Magdy Al-Hawwary,1,5.8
Alfons Adetuyi,1,5.8
Elliot Hegarty,1,5.8
Allan Ungar,1,5.8
Debamitra Biswal,1,5.8
Akiva Goldsman,1,5.8
Mark Sloper,1,5.8
J. Davis,1,5.8
Michel Gondry,1,5.8
Herman Yau,1,5.8
Massimiliano Camaiti,1,5.8
Karthik Narain,1,5.8
Vasanth Sai,1,5.8
Arvind Swamy,1,5.8
Sarjun,1,5.8
Robbie Countryman,1,5.8
Atul Sabharwal,1,5.8
Francesco Carnesecchi,1,5.8
Naseef Yusuf Izuddin,1,5.8
Kieran Darcy-Smith,1,5.8
Note Chern-Yim,1,5.8
Marco Bonfanti,1,5.8
Jim Hosking,1,5.8
Murat Kepez,1,5.8
Adrian Murray,1,5.8
Kongkiat Komesiri,1,5.8
David Serrano,1,5.8
John Michael McDonagh,1,5.8
Rebecca Johnson,1,5.8
Jamal Hill,1,5.8
Andrew J. Smith,1,5.8
Alex Smith,1,5.8
Daniel Burman,1,5.8
Sivaroj Kongsakul,1,5.8
Mads Matthiesen,1,5.8
Sadeq Behbehani,1,5.8
Jeannot Szwarc,1,5.8
Adam Smith,1,5.8
Anita Barbosa,1,5.8
David Yarovesky,1,5.8
Jordan Ross,1,5.8
Brendan Malloy,1,5.8
Christopher Murray,1,5.8
Jorge Michel Grau,1,5.8
Carly Stone,1,5.8
Luke Snellin,1,5.8
Yuval Adler,1,5.8
Jesse V. Johnson,5,5.8
Paco Plaza,1,5.8
Robin Aubert,1,5.8
Brian Smrz,1,5.8
Ozan Açıktan,5,5.8
Nacho G. Velilla,1,5.8
Abba T. Makama,1,5.8
David Marmor,1,5.8
Sofia Coppola,3,5.8
Atanu Ghosh,1,5.8
Hallie Meyers-Shyer,1,5.8
Nick Gomez,1,5.8
Muzi Mthembu,1,5.8
Munish Bhardwaj,1,5.8
Alessandra de Rossi,1,5.8
Tosin Coker,1,5.8
Che Sandoval,1,5.8
Michelle Bello,1,5.8
Madhur Bhandarkar,5,5.779999999999999
Indra Kumar,4,5.7749999999999995
Kıvanç Baruönü,3,5.766666666666667
Frank Coraci,3,5.766666666666666
Heidi Ewing,2,5.75
Javier Ruiz Caldera,2,5.75
Bedran Güzel,2,5.75
Bryan Bertino,2,5.75
Rachel Grady,2,5.75
Jose Manuel Colón,2,5.75
Brian Robbins,2,5.75
Thiru,2,5.75
Julien Leclercq,3,5.733333333333333
Abbas Alibhai Burmawalla,5,5.72
Mastan Alibhai Burmawalla,5,5.72
Carles Torras,1,5.7
Benjamin Arfmann,1,5.7
Dennis Iliadis,1,5.7
Ravikanth Perepu,1,5.7
David Koepp,1,5.7
Alison MacLean,1,5.7
Neil LaBute,1,5.7
Bradley Walsh,1,5.7
Erik Matti,1,5.7
Gary Andrews,1,5.7
James Foley,1,5.7
Paolo Strippoli,1,5.7
Ahmed Saleh,1,5.7
Joe Wright,1,5.7
McG,6,5.7
Bart Freundlich,1,5.7
Puneet Khanna,1,5.7
Dianne Dreyer,1,5.7
Steven Gomez,1,5.7
Mark Dindal,1,5.7
Brad Silberling,1,5.7
Roberto De Feo,1,5.7
Kyle Newacheck,2,5.7
Sridhar Jetty,1,5.7
Peter Lepeniotis,1,5.7
Salim Akil,1,5.7
Joe Lynch,1,5.7
Zack Whedon,1,5.7
Mahesh Bhatt,3,5.7
Motonori Sakakibara,1,5.7
Eeshwar Nivas,1,5.7
Trey Nelson,1,5.7
Jitendra Tiwari,1,5.7
Steven Tsuchida,1,5.7
Chen Rong-hui,1,5.7
Chang Chin-jung,1,5.7
Adam Davis,1,5.7
Genevieve Nnaji,1,5.7
Ricardo de Montreuil,1,5.7
Jerry Kolber,1,5.7
Hong Won-ki,1,5.7
Helena Bergström,1,5.7
Trish Sie,1,5.7
Cyrus Nowrasteh,1,5.7
Fernando Frías De La Parra,1,5.7
Lee Seung-won,1,5.7
Ding Sheng,1,5.7
DJ Chen,1,5.7
Ian Kirby,1,5.7
Erich Sturm,1,5.7
Pranav Singh,1,5.7
Ferdinando Cito Filomarino,1,5.7
Dave Green,1,5.7
Anél Stolp,1,5.7
A. L. Vijay,2,5.7
Michelle MacLaren,1,5.7
Michael Jai White,1,5.7
Peter Howitt,1,5.7
Prabhakaran,1,5.7
Javier Colinas,1,5.7
Felix Chong,1,5.7
Paul Krüger,1,5.7
Kwabena Gyansah,1,5.7
Seth Gordon,1,5.7
Tugçe Soysop,1,5.7
Marek Losey,1,5.7
Tunde Apalowo,1,5.7
Christian Duguay,1,5.7
Nicolas Winding Refn,1,5.7
Colin Minihan,1,5.7
Prasobh Vijayan,1,5.7
Amber Tamblyn,1,5.7
Anil Sharma,1,5.7
Adriana Trigiani,1,5.7
Elizabeth Wood,1,5.7
Bashir El Deek,1,5.7
Bryce Wagoner,1,5.7
Alina Teodorescu,1,5.7
Eli Craig,1,5.7
Peter Facinelli,1,5.7
Emanuel Hoss-Desmarais,1,5.7
David Stubbs,1,5.7
Chinaza Onuzo,1,5.7
Stephen Gyllenhaal,1,5.7
Jason Winer,1,5.7
Trey Haley,1,5.7
Borja Cobeaga,1,5.7
George Clooney,1,5.7
Larry Latham,1,5.7
Roman White,1,5.7
Maria Burton,1,5.7
Isaac Florentine,1,5.7
Luis Mandoki,1,5.7
Anthony Byrne,1,5.7
Lev L. Spiro,1,5.7
Mahsun Kırmızıgül,1,5.7
Daniel Benmayor,2,5.699999999999999
Daniel Alfredson,2,5.699999999999999
Jon Lucas,2,5.699999999999999
Scott Moore,2,5.699999999999999
Vipul Amrutlal Shah,2,5.699999999999999
Ernie Barbarash,4,5.675000000000001
Sachin Yardi,3,5.666666666666667
John Asher,3,5.666666666666667
Ciarán Foy,2,5.65
Rodrigo Van Der Put,2,5.65
Benjamin Turner,2,5.65
Kundan Shah,4,5.6499999999999995
Garry Marshall,3,5.633333333333333
Wael Ihsan,4,5.625
Adrian Teh,3,5.6000000000000005
Navaniat Singh,2,5.6
Ding-Lin Wang,1,5.6
N. Linguswamy,2,5.6
Ekachai Uekrongtham,1,5.6
Jose Gomez,1,5.6
Nicole Conn,1,5.6
Eddie Rosas,1,5.6
Joe Camp,2,5.6
Tyler Spindel,2,5.6
Joshua Caldwell,1,5.6
Punit Malhotra,1,5.6
Harold Becker,1,5.6
Richard Kelly,1,5.6
Alejandro Montiel,1,5.6
Jake Szymanski,1,5.6
Graham Phillips,1,5.6
Mark Helfrich,1,5.6
Tarsem Singh,1,5.6
Monika Mitchell,1,5.6
Josh Webber,1,5.6
Paul Serafini,1,5.6
Kimmy Gatewood,1,5.6
Matt Thompson,1,5.6
Ahishor Solomon,1,5.6
Levan Gabriadze,1,5.6
Ryuichi Hiroki,1,5.6
Shelly Chopra Dhar,1,5.6
Fluvio Iannuci,1,5.6
Tom Stern,1,5.6
Samir Soni,1,5.6
Roly Santos,1,5.6
Syamsul Yusof,1,5.6
Jason Stone,1,5.6
Chris Nahon,1,5.6
Max Amini,1,5.6
Camille Delamarre,1,5.6
Tolulope Itegboje,1,5.6
Stacie Passon,2,5.6
Christel Gibson,1,5.6
Fredrick Munk,1,5.6
Jesse Johnson,1,5.6
Tom O'Brien,1,5.6
Mamat Khalid,1,5.6
Byun Hyuk,1,5.6
Mohammad Irfan Ramly,1,5.6
David Chirchirillo,1,5.6
Justin Lee,1,5.6
Parker Phillips,1,5.6
Karey Kirkpatrick,1,5.6
Alexandre Reinecke,1,5.6
Abel Ferrara,1,5.6
Dean Craig,1,5.6
Abdul Aziz Hashad,1,5.6
Tinge Krishnan,1,5.6
Olivier Abbou,1,5.6
Joe Johnston,1,5.6
Kushal Srivastava,1,5.6
Robert Eagar,1,5.6
Peter Billingsley,1,5.6
Giancarlo Esposito,1,5.6
Sidharth Malhotra,1,5.6
Ben Simms,2,5.6
Ian Edelman,2,5.6
Scot Armstrong,1,5.6
Michael Cristofer,1,5.6
Umesh Shukla,1,5.6
Dhruv Dhawan,1,5.6
Younuts!,1,5.6
Yasir Al Yasiri,1,5.6
Eric Bress,1,5.6
Sarah Adina Smith,2,5.6
Les Mayfield,3,5.599999999999999
Abhishek Sharma,3,5.599999999999999
Shaun Paul Piccinino,3,5.566666666666666
Khaled Marei,3,5.566666666666666
Scott Stewart,3,5.566666666666666
Hadi El Bagoury,2,5.550000000000001
Tom Shadyac,2,5.550000000000001
Ahmed Zain,2,5.550000000000001
Corey Yuen,2,5.55
R. Ellis Frazier,2,5.55
Justin Kelly,2,5.55
Jayan Moodley,2,5.55
Mohit Suri,2,5.55
Karyn Kusama,3,5.533333333333334
Andrzej Bartkowiak,3,5.533333333333334
Bassam Tariq,1,5.5
Vibhu Virender Puri,1,5.5
Thor Freudenthal,1,5.5
Samar Shaikh,1,5.5
Bhagyaraj,1,5.5
Frasco Mortiz,1,5.5
Troy Nixey,1,5.5
Liv Ullmann,1,5.5
Tarek Abdel Moaty,1,5.5
Martin Rosete,1,5.5
Henrik Ruben Genz,1,5.5
Tope Oshin,3,5.5
Vincenzo Natali,1,5.5
Guntur Soeharjanto,1,5.5
Manop Janjarasskul,1,5.5
Brian Henson,1,5.5
Natasha Lyonne,1,5.5
Rai Yuvraj Bains,1,5.5
Gregory Plotkin,1,5.5
Matt Piedmont,1,5.5
Christian De Vita,1,5.5
Puneet Sira,1,5.5
Anggy Umbara,1,5.5
Christian Schwochow,1,5.5
Suparn Verma,2,5.5
Brian Baugh,1,5.5
Pierre Coré,1,5.5
William H. Macy,1,5.5
William Bindley,1,5.5
Gary Michael Schultz,1,5.5
Alain Darborg,1,5.5
Amy Poehler,1,5.5
Yang Lei,1,5.5
Ashwiny Iyer Tiwari,1,5.5
Shashilal K. Nair,1,5.5
Daniel Sandu,1,5.5
Jody Hill,1,5.5
Richard Arellano,1,5.5
Sergio Barrejón,1,5.5
Ahmad Samir Farag,1,5.5
Ketan Mehta,2,5.5
Julius Onah,1,5.5
Li Pei-Chuan,1,5.5
Li Jun,1,5.5
Conrad Helten,2,5.5
Cooper Karl,1,5.5
Phillip Youmans,1,5.5
Doron Paz,1,5.5
Fritz Böhm,1,5.5
Fred Durst,1,5.5
Kristin Hanggi,1,5.5
Sharan Sharma,1,5.5
Nobuyuki Takeuchi,1,5.5
Akiyuki Shinbo,1,5.5
Brian Andrew Mendoza,1,5.5
Gonzalo Bendala,1,5.5
Leung Lok Man,1,5.5
Yoav Paz,1,5.5
Luk Kim-ching,1,5.5
Greg Coolidge,1,5.5
Sergei Bodrov,1,5.5
Lee Kirk,1,5.5
Anjum Shahzad,1,5.5
Matthew O'Callaghan,1,5.5
Anna Wieczur-Bluszcz,1,5.5
Todd Wilderman,1,5.5
Roger Kumble,4,5.5
Avgousta Zourelidi,1,5.5
Karen J. Lloyd,2,5.5
Amy Rice,1,5.5
Amro Salah,1,5.5
Michael Buster,1,5.5
April Mullen,1,5.5
Drew Heriot,1,5.5
Masaru Matsumoto,1,5.5
Samit Basu,1,5.5
Anirban Majumder,1,5.5
Luis Prieto,1,5.5
Rhiannon Bannenberg,1,5.5
Shinji Aramaki,1,5.5
Joel Oliansky,1,5.5
Marcus Nispel,1,5.5
Alka Amarkant Dubey,1,5.5
Izu Ojukwu,1,5.5
David Dhawan,8,5.4750000000000005
Sanjay Jadhav,2,5.45
Steven Brill,2,5.45
G.J. Echternkamp,2,5.45
Manish Jha,2,5.45
Ali F. Mostafa,2,5.449999999999999
Rathindran R Prasad,2,5.449999999999999
Mark Steven Johnson,2,5.449999999999999
Mark Waters,3,5.433333333333334
Ken Ghosh,3,5.433333333333334
Ram Gopal Varma,7,5.414285714285714
K. Rajagopal,1,5.4
Zak Hilditch,2,5.4
Peter Hutchings,1,5.4
Matthias Hoene,1,5.4
John Paul Tremblay,1,5.4
Olivier Loustau,1,5.4
Peter Spierig,1,5.4
Peter Tsi,1,5.4
Sinan Akkuş,1,5.4
Ali Scher,1,5.4
Kevin Ko,1,5.4
Robb Wells,1,5.4
Rachel Talalay,1,5.4
Stéphane de Freitas,1,5.4
Kumaran,1,5.4
Matthew McManus,1,5.4
Matt Aselton,1,5.4
Jose Javier Reyes,1,5.4
Xavier Gens,1,5.4
Dilip Mehta,1,5.4
Kevin McManus,1,5.4
Brian Webber,1,5.4
Michael Spierig,1,5.4
Archie Borders,1,5.4
Cody Stokes,1,5.4
Gabriela Tagliavini,1,5.4
Seth Henrikson,1,5.4
Hadrah Daeng Ratu,1,5.4
Jeffrey G. Hunt,1,5.4
Mikael Håfström,1,5.4
Rick Benattar,1,5.4
Alexis Almström,1,5.4
Sekhar Kammula,1,5.4
Kevin Donovan,1,5.4
Sze Yu Lau,1,5.4
Eric Aghimien,1,5.4
David Raynr,1,5.4
Naman Nitin Mukesh,1,5.4
Ahmed Yousry,1,5.4
Shreyas Talpade,1,5.4
Michael Seater,1,5.4
Daniela Goggi,1,5.4
Jakob Lass,1,5.4
D.B. Weiss,1,5.4
David Benioff,1,5.4
Tim Hill,1,5.4
Toka McBaror,2,5.4
Ruchi Narain,1,5.4
Éric Judor,1,5.4
Brittany Andrews,1,5.4
Justin McConnell,1,5.4
Ramzy Bedia,1,5.4
Clarence Yiu-leung Fok,1,5.4
Paul Solet,1,5.4
Umut Kirca,1,5.4
Anthony D'Souza,2,5.4
Mike Smith,1,5.4
Navinder Pal Singh,1,5.4
Chris Eigeman,1,5.4
Jesse Handsher,1,5.4
Chuck Russell,1,5.4
Jelle de Jonge,1,5.4
Tristan Ferland Milewski,1,5.4
Olivier Roland,1,5.4
Meltem Bozoflu,2,5.4
Kyle Newman,1,5.4
Myriam Aziza,1,5.4
Cristina Jacob,2,5.4
Otoja Abit,1,5.4
Elle Callahan,1,5.4
Mike Rohl,1,5.4
Vince Marcello,3,5.3999999999999995
Michael Tiddes,4,5.375
Dennie Gordon,2,5.35
Morgan Spurlock,2,5.35
Mahmoud Karim,2,5.35
Esteban Crespo,2,5.35
Steve Brill,5,5.32
Farah Khan,4,5.300000000000001
John Stockwell,2,5.300000000000001
Jacob Joice,1,5.3
Michelle Johnston,1,5.3
Shubham Singh,1,5.3
Adrián García Bogliano,1,5.3
Vikram Pradhan,1,5.3
Curro Velázquez,1,5.3
Miguel Arteta,1,5.3
Christopher Louie,1,5.3
Kim Tae-hyung,1,5.3
John Murlowski,1,5.3
Tom Gianas,1,5.3
Doug McHenry,1,5.3
Peter Winther,1,5.3
Parveen Kumar,1,5.3
Marie Clements,1,5.3
Will Canon,1,5.3
Michael Doneger,1,5.3
Robert Pulcini,1,5.3
Andy Goddard,1,5.3
Eduardo Pinto,1,5.3
George Jackson,1,5.3
Sukhbir Singh,1,5.3
Sacha Gervasi,1,5.3
Paul Shoulberg,1,5.3
Shari Springer Berman,1,5.3
Brett Donowho,1,5.3
Emilio Martínez Lázaro,1,5.3
Oliver Frampton,1,5.3
Franck Ribière,1,5.3
Patrik Syversen,1,5.3
Indrajit Nattoji,1,5.3
Harmony Korine,1,5.3
Stefon Bristol,1,5.3
Quinn Lasher,1,5.3
Alethea Jones,1,5.3
Ketche,1,5.3
Jonathan Ignatius Green,1,5.3
Pedro Antonio,1,5.3
Cassia Dian,1,5.3
Ross R. Shuman,1,5.3
Sabir Khan,1,5.3
Joe Nussbaum,1,5.3
Marcos Carnevale,1,5.3
Catherine Hardwicke,1,5.3
Atul Malhotra,1,5.3
Jody Lambert,1,5.3
Zeke Norton,1,5.3
David Charhon,1,5.3
Girish Joshi,1,5.3
Eli Roth,1,5.3
Michael M. Scott,1,5.3
Tom Elkins,1,5.3
Juan Pablo Buscarini,1,5.3
Stefan Westerwelle,1,5.3
Brent Maddock,1,5.3
S.S. Wilson,1,5.3
Gavin Yap,1,5.3
Michael Margolis,1,5.3
Marina Seresesky,1,5.3
Glen Goei,1,5.3
Paul Feig,1,5.3
Shamyl Othman,1,5.3
Ahmed Zein,1,5.3
Nzingha Stewart,1,5.3
David Hackl,1,5.3
Marcos Bucay,2,5.3
Rich Schlansker,1,5.3
Steve Carr,4,5.3
Mario Van Peebles,1,5.3
Frank Marshall,1,5.3
Royale Watkins,1,5.3
Steve Bencich,1,5.3
Raaghav Dar,1,5.3
Andrew Loo,1,5.3
Julien War,1,5.3
Van M. Pham,1,5.3
Rémy Four,1,5.3
Lionel C. Martin,1,5.3
Joe Miale,1,5.3
Brett Ratner,2,5.25
Joe Roth,2,5.25
Nicolás López,2,5.25
Shirley Frimpong-Manso,2,5.25
Osgood Perkins,2,5.25
Chad Van De Keere,2,5.25
Victor Zarcoff,1,5.2
Anu Menon,1,5.2
Johnny Martin,1,5.2
Maïwenn,1,5.2
Nalan Kumarasamy,1,5.2
Rebecca Addelman,1,5.2
Craig Gillespie,1,5.2
Sudhish Kamath,1,5.2
Simon Rumley,1,5.2
Sandeep Mohan,1,5.2
Rakesh Mehta,1,5.2
Anthony Chan,1,5.2
Rajshree Ojha,1,5.2
Santram Varma,1,5.2
Jude Okwudiafor Johnson,1,5.2
Simon Verhoeven,1,5.2
William Monahan,1,5.2
Kevin Pollak,1,5.2
Lester Hsi,1,5.2
Raymond McGrath,1,5.2
Steve McLean,1,5.2
Shravan Kumar,1,5.2
Miguel Alexandre,1,5.2
Curtis Graham,1,5.2
Michael A. Nickles,1,5.2
Kees Van Oostrum,1,5.2
To-hoi Kong,1,5.2
Bruce McCulloch,1,5.2
Abhinav Shiv Tiwari,1,5.2
Raja Sen,1,5.2
Pamela Romanowsky,1,5.2
Aruna Raje,1,5.2
Hemant Gaba,1,5.2
Daniel Yee Heng Chan,1,5.2
Jenna Laurenzo,1,5.2
Nidhi Sharma,1,5.2
Alex Richanbach,1,5.2
Daniel Wilner,1,5.2
Raj Kanwar,1,5.2
Robert Smigel,1,5.2
Castille Landon,1,5.2
John Woo,1,5.2
Jijo Pancode,1,5.2
Robert McCullough Jr.,1,5.2
Dito Montiel,1,5.2
Michael Paul Stephenson,1,5.2
Shanawaz Nellikunnil,1,5.2
Marty Stalker,1,5.2
Danish Aslam,1,5.2
Rizki Balki,1,5.2
Alice Waddington,1,5.2
LP,1,5.2
Johnny Castuciano,1,5.2
Don Mancini,1,5.2
Roy Burdine,1,5.2
N.D. Wilson,1,5.2
Paween Purijitpanya,1,5.2
Cassi Simonds,1,5.2
Saket Behl,1,5.2
Mohammed Hussain,1,5.2
Francisco Schultz,1,5.2
Johannes Roberts,1,5.2
Clint Butler,1,5.2
Jean-Claude Flamand-Barny,1,5.2
Robi Michael,1,5.2
Jonathan Baker,1,5.2
Juan Zapata,1,5.2
Kirati Nakintanon,1,5.2
Marie Madinier,1,5.2
Ana Lily Amirpour,1,5.2
Rodrigo Toro,1,5.2
Preston A. Whitmore II,1,5.2
Vishnu Govindhan,1,5.2
Jeff Garlin,1,5.2
Jonathan Milott,1,5.2
Troy Byer,1,5.2
Raj Kaushal,1,5.2
Jakub Piątek,1,5.2
Jarand Herdal,1,5.2
Cary Murnion,1,5.2
Stephan Rick,1,5.2
Hakan Algül,5,5.18
Michael McKay,4,5.175000000000001
Gonzalo López-Gallego,3,5.166666666666667
Harold Cronk,2,5.15
Joseph Sargent,2,5.15
Şenol Sönmez,2,5.15
Nikhil Advani,2,5.15
Warren P. Sonoda,2,5.15
Jota Linares,2,5.15
James Toback,2,5.15
Savage Steve Holland,4,5.125
Leli Maki,1,5.1
John Lyde,1,5.1
Jay Chandrasekhar,1,5.1
Filip Zylber,1,5.1
Pawan Kripalani,1,5.1
Clay Staub,1,5.1
Daniel Markowicz,1,5.1
Mysskin,1,5.1
David Lam,1,5.1
Ramsey Nouah,1,5.1
William Kaufman,1,5.1
TJ Sullivan,3,5.1
Caradog W. James,1,5.1
Hallvard Bræin,1,5.1
William Brent Bell,2,5.1
Ahn Byoung-wook,1,5.1
Greg Rankin,3,5.1
Soumitra Ranade,1,5.1
B. V. Nandini Reddy,1,5.1
Joey Kern,1,5.1
Tharun Bhascker Dhaassyam,1,5.1
César Rodrigues,1,5.1
Gurmmeet Singh,1,5.1
James Hawes,1,5.1
Richard Sears,1,5.1
Nag Ashwin,1,5.1
Samit Kakkad,1,5.1
Hoyt Yeatman,1,5.1
Sankalp Reddy,1,5.1
Takashi Doscher,1,5.1
Brian O'Malley,1,5.1
Rebecca Zlotowski,2,5.1
Steven Yamamoto,1,5.1
Ashok Nanda,1,5.1
Vivek Agnihotri,1,5.1
Gabriela García Rivas,1,5.1
Rob Cohen,1,5.1
James Dearden,1,5.1
David R. Ellis,3,5.1
Henri Wong,1,5.1
Steven Fine,1,5.1
Chris Koch,1,5.1
Dennis Widmyer,1,5.1
Bille Woodruff,2,5.1
Kevin Kolsch,1,5.1
Jayan Vannery,1,5.1
Anant Balani,1,5.1
Gary Shore,1,5.1
Adam Egypt Mortimer,1,5.1
Nicholas McCarthy,1,5.1
Louie Gibson,1,5.1
Jonathan A. Rosenbaum,1,5.1
Deniz Gamze Ergüven,1,5.1
David Slade,1,5.1
Matthew Hope,1,5.1
Carey McKenzie,1,5.1
Anthony Scott Burns,1,5.1
Olivia Milch,1,5.1
Joe Dietsch,1,5.1
Semi Chellas,1,5.1
Umesh Mehra,5,5.080000000000001
Rocky Soraya,4,5.075
Bruno Garotti,3,5.066666666666667
Sermiyan Midyat,3,5.066666666666666
Liam O'Donnell,2,5.05
Dharmesh Darshan,2,5.05
Don Michael Paul,6,5.000000000000001
Cory Edwards,1,5.0
Hamad AlSarraf,1,5.0
Walter Taylaur,2,5.0
Mitch Schauer,1,5.0
Marc Vigil,1,5.0
Hamisha Daryani Ahuja,1,5.0
Chi Keung Fung,1,5.0
Clay Glen,3,5.0
Timo Vuorensola,1,5.0
Sylvie Verheyde,2,5.0
Leena Yadav,3,5.0
Mark Radice,1,5.0
Peter DeLuise,1,5.0
Geoffrey Orthwein,1,5.0
Saw Teong Hin,1,5.0
Paul Berczeller,1,5.0
David Feiss,1,5.0
Ringo Lam,2,5.0
Alex Zamm,2,5.0
Xavier Manrique,1,5.0
Michael Winnick,1,5.0
Sujeeth,1,5.0
Hussein El Ansary,1,5.0
Venugopan,1,5.0
Suseenthiran,1,5.0
Jonathan Liebesman,1,5.0
Nik Amir Mustapha,1,5.0
John Schultz,3,5.0
D Ho,1,5.0
Wade Allain-Marcus,1,5.0
Felix Starck,1,5.0
Jesse Allain-Marcus,1,5.0
Anita Udeep,1,5.0
Jeeva,1,5.0
Sean Olson,1,5.0
Ashraf Fayeq,1,5.0
Sarik Andreasyan,1,5.0
Kranthi Madhav,1,5.0
Frederick Cipoletti,1,5.0
Olivier Megaton,2,5.0
Jennifer Westcott,1,5.0
Marla M. Ancheta,1,5.0
Hani Al-Shaibani,1,5.0
Rob Smat,1,5.0
Andrew Sullivan,1,5.0
Jaki Bradley,1,5.0
Kenzo Maihara,1,5.0
Blayne Weaver,1,5.0
James Yukich,1,5.0
Michael Kennedy,1,5.0
M.S. Prem Nath,1,5.0
Charlie Vaughn,1,5.0
Amandha Wyanto,1,5.0
Robert Rodriguez,5,4.98
Steven C. Miller,3,4.966666666666667
Brian Levant,4,4.949999999999999
Keoni Waxman,2,4.949999999999999
Justin G. Dyck,7,4.942857142857142
Byeon Hee-sun,1,4.9
RZA,1,4.9
Rod Daniel,1,4.9
Jetarin Ratanaserikiat,1,4.9
Thomas Sieben,1,4.9
Nathanael Wiseman,1,4.9
Jason Bourque,1,4.9
Sita Likitvanichkul,1,4.9
Arthur Muhammad,1,4.9
Owen Egerton,1,4.9
Philip Yung,1,4.9
Alistair Legrand,2,4.9
Bartosz M. Kowalski,1,4.9
Abosi Ogba,1,4.9
Akay Mason,1,4.9
Bob Rose,1,4.9
Mitch Gould,1,4.9
Kepa Sojo,1,4.9
Johnny Kevorkian,1,4.9
M.J. Bassett,1,4.9
Amir Mohiuddin,1,4.9
Apirak Samudkitpaisan,1,4.9
Fritz Ofner,1,4.9
Thanabodee Uawithya,1,4.9
Alex Stapleton,1,4.9
Linda Korsten,1,4.9
Hiroshi Katagiri,1,4.9
Patryk Vega,2,4.9
Maris Curran,1,4.9
Douglas McGrath,1,4.9
Ziggy Hofmeyr,1,4.9
Robert Osman,1,4.9
Adirek Wattaleela,1,4.9
Chris Gorak,1,4.9
Sean McNamara,3,4.8999999999999995
Raja Gosnell,3,4.866666666666666
V. K. Prakash,1,4.8
Andrew C. Erin,1,4.8
Lennart Ruff,1,4.8
Christian E. Christiansen,1,4.8
Aaron Woodley,1,4.8
Jason Zada,1,4.8
Joseph Cross,1,4.8
Kevin Bray,1,4.8
Vadim Jean,1,4.8
John Stewart Muller,1,4.8
Gurudev Bhalla,1,4.8
Steve Rash,1,4.8
Jonathan Helpert,1,4.8
Domenico de Feudis,1,4.8
Paul Schrader,1,4.8
Axelle Laffont,1,4.8
Leopoldo Aguilar,1,4.8
Brad Peyton,2,4.8
Ken Kushner,1,4.8
Stefano Mordini,1,4.8
Akira Saitoh,1,4.8
Qaushiq Mukherjee,3,4.8
Gabriel Grieco,1,4.8
Patrick Leung,1,4.8
Holger Tappe,1,4.8
Tony Abulu,1,4.8
Rahul Ravindran,1,4.8
Srivinay Salian,1,4.8
Nirpal Bhogal,1,4.8
Abhijit Kokate,1,4.8
B.N. Shajeer Sha,1,4.8
Chad Archibald,1,4.8
Emily Hagins,1,4.8
Chester Tam,1,4.8
M. Night Shyamalan,2,4.75
Detlev Buck,2,4.75
Sangeeth Sivan,2,4.75
Chris Sivertson,2,4.75
Kabir Sadanand,2,4.75
Nelson McCormick,2,4.75
Uwe Boll,1,4.7
Luke Jurevicius,1,4.7
Alo Sarkar,1,4.7
Coerte Voorhees,1,4.7
Soham Shah,1,4.7
Pablo D'Alo Abba,1,4.7
Richard Rich,1,4.7
Michael Civille,1,4.7
Mez Tharatorn,1,4.7
Austin Stark,1,4.7
Prabhuraj,1,4.7
Vinay Sapru,1,4.7
Radhika Rao,1,4.7
Mark Neveldine,1,4.7
Jay Surridge,1,4.7
Chow Hin Yeung Roy,1,4.7
Travis Stevens,1,4.7
Brent Bonacorso,1,4.7
John Voorhees,1,4.7
Jeff Deverett,1,4.7
Namcito,1,4.7
David McCracken,1,4.7
Moses Inwang,2,4.7
Josh Mendoza,1,4.7
Law Wing-cheong,1,4.7
Gupse Özay,1,4.7
Rich Ragsdale,1,4.7
Bao Nhan,1,4.7
Bernie Denk,1,4.7
Julián Gaviria,1,4.7
Dennis Bartok,1,4.7
Shamzu Zayba,1,4.7
Liao Shih-han,1,4.7
Ted Geoghegan,1,4.7
Kim Joo-hyung,2,4.699999999999999
Bradley Parker,2,4.65
Jeremy Kenyon Lockyer Corbell,2,4.65
Jon Rosenbaum,2,4.65
Joe Dante,2,4.65
Wenn V. Deramas,3,4.633333333333334
Ramesh Sippy,1,4.6
Xavier Durringer,1,4.6
Gilbert Chan,1,4.6
Roman Coppola,1,4.6
Erwin van den Eshof,2,4.6
Alex Merkin,2,4.6
Mohamed Samy,2,4.6
William Friedkin,1,4.6
David Silberg,1,4.6
Scott Spiegel,1,4.6
Brandon Jones,1,4.6
Joaquín Mazón,1,4.6
Scott Hussion,1,4.6
Roger Russell,1,4.6
Femi D. Ogunsanwo,1,4.6
Sohail Khan,1,4.6
Adam Deyoe,1,4.6
Charles Uwagbai,1,4.6
Adam Wingard,1,4.6
Eric Meza,1,4.6
Rodrigo Reyes,1,4.6
Darren Lynn Bousman,2,4.6
Brian A. Miller,1,4.6
Dennis Rovira van Boekholt,1,4.6
Roxanne Benjamin,1,4.6
Annie Clark,1,4.6
Jovanka Vuckovic,1,4.6
Alexandros Avranas,1,4.6
Ribhu Dasgupta,2,4.6
K. Subhash,1,4.6
Volker Weicker,1,4.6
Praveen Nischol,1,4.6
Lisa Arnold,1,4.6
Tony Datis,1,4.6
Seth Fuller,1,4.6
Rethabile Ramaphakela,1,4.6
Nathaniel Warsh,1,4.6
Katleho Ramaphakela,1,4.6
Elisabeth Vogler,1,4.6
Chris Stokes,4,4.575
Peter Sullivan,2,4.55
Seyi Babatope,3,4.533333333333333
Niyi Akinmolayan,3,4.533333333333332
Justin P. Lange,1,4.5
Rob W. King,1,4.5
Woo Ming Jin,1,4.5
Huang Lei,1,4.5
Sam Patton,1,4.5
Avi Federgreen,1,4.5
Umut Aral,1,4.5
Christopher Cain,1,4.5
Harvey Lowry,1,4.5
Ahmed Siddiqui,1,4.5
John Suits,1,4.5
Fernando Sariñana,1,4.5
Charneice Fox,1,4.5
José Luis Gutiérrez,1,4.5
Luke Sparke,1,4.5
Bobby Roth,1,4.5
Aram van de Rest,1,4.5
Bette Gordon,1,4.5
Appie Boudellah,1,4.5
Dileep Narayanan,1,4.5
Darren Grant,1,4.5
Greg Strause,1,4.5
Colin Strause,1,4.5
Gabriel Sabloff,1,4.5
Karan Anshuman,1,4.5
Greg McLean,1,4.5
Amar Gupte,1,4.5
Ron Oliver,3,4.5
Kyle Rankin,1,4.5
R. Kannan,1,4.5
Ben Falcone,1,4.5
Andrew Bergman,1,4.5
Michael Patrick King,1,4.5
Adam Marino,1,4.5
Bruce MacDonald,1,4.5
Wendy Jo Carlton,1,4.4
Kim Dong-kyu,1,4.4
Ladislaus Kiraly,1,4.4
Robert Berlinger,1,4.4
Bharat Jain,1,4.4
Faisal al Amer,1,4.4
Mohamed al Salman,1,4.4
Meshal Aljaser,1,4.4
Ali Kalthami,1,4.4
Vishal Mishra,1,4.4
Einar Gabbassov,1,4.4
Paul Raschid,1,4.4
Damián Romay,2,4.4
Nicol Paone,1,4.4
Sachin Kundalkar,1,4.4
Carlo Padial,1,4.4
Kalvadour Peterson,1,4.4
Michael Mason,1,4.4
L. Frazier,1,4.4
Tanuj Chopra,1,4.4
Steven R. Monroe,1,4.4
Roel Reiné,1,4.4
Ali Yorgancıoğlu,1,4.4
Poj Arnon,2,4.4
Paritosh Painter,1,4.4
Fazila Allana,1,4.4
Caio Cobra,1,4.4
Kenny Young,1,4.4
Sam Macaroni,1,4.4
Teng Huatao,1,4.4
Kaila York,1,4.4
Padraig Reynolds,1,4.4
Yayo Herrero,1,4.4
Julien Royal,1,4.4
Saurabh Kabra,1,4.4
Dylan C. Brown,1,4.4
Paco Aguilar,1,4.4
Philip Marlatt,1,4.4
Jeffrey W. Byrd,1,4.4
Manish Tiwary,1,4.4
Yuki Yamato,1,4.4
Braden R. Duemmler,1,4.4
Peter Hewitt,1,4.4
James Brown,1,4.4
Kunal Kohli,1,4.4
Ahmad El-Badri,3,4.366666666666667
Adze Ugah,3,4.366666666666667
Hazem Fouda,2,4.300000000000001
Hasraf Dulull,1,4.3
Danny J. Boyle,1,4.3
Kyung Ho Lee,1,4.3
John Barnard,1,4.3
Corey Grant,1,4.3
Antonio Serrano,1,4.3
Chris Bouchard,1,4.3
Blake Harris,1,4.3
Gary Young,1,4.3
Tom Green,1,4.3
James Duffy,1,4.3
Anil V. Kumar,1,4.3
Shawn Arranha,1,4.3
Chatchai Katenut,1,4.3
Stacia Crawford,1,4.3
Tanwarin Sukkhapisit,1,4.3
Stacy Title,1,4.3
Will Graham,1,4.3
Manussa Vorasingha,1,4.3
Jonathan van Tulleken,1,4.3
Elizabeth Banks,1,4.3
Patrik Forsberg,1,4.3
Rusty Cundieff,1,4.3
David M. Rosenthal,2,4.3
David L.G. Hughes,1,4.3
Hardik Mehta,1,4.3
James Gunn,1,4.3
Craig Moss,1,4.3
Sameh Abdulaziz,4,4.275
Timothy Woodward Jr.,2,4.25
Ahmed Al-Badry,1,4.2
Ayush Raina,1,4.2
Sonny Mallhi,1,4.2
Henrik Martin Dahlsbakken,1,4.2
Shawn Crahan,1,4.2
Steve Race,1,4.2
Sunil Kumar Agrawal,1,4.2
Raj Babu,1,4.2
Max McGill,1,4.2
Laura Mulleavy,1,4.2
Adam Del Giudice,1,4.2
Ashish R. Mohan,1,4.2
Johnny Breedt,1,4.2
Corbin Bernsen,1,4.2
Don Omope,1,4.2
Kaashvie Nair,1,4.2
Satyajit Bhatkal,1,4.2
Sanjiv Jaiswal,1,4.2
Kate Mulleavy,1,4.2
Shirish Kunder,3,4.2
Eondeok Han,1,4.2
Surya S.J.,1,4.2
Mic Rodgers,1,4.2
Yeung Yat-Tak,1,4.2
Tony Giglio,2,4.199999999999999
Mark A.Z. Dippé,3,4.166666666666667
Nakul Singh Sawhney,1,4.1
Ali Ragab,2,4.1
Carlos Morett,1,4.1
Leandro Neri,1,4.1
Melanie Mayron,1,4.1
Kevan Peterson,1,4.1
Buz Wallick,1,4.1
Supavitra Babul,1,4.1
Femi Oyeniran,2,4.1
Michael Martin,1,4.1
Chandra Liow,1,4.1
Khaled El Halafawy,1,4.1
Fernando Ayllón,2,4.05
Robert Vince,6,4.016666666666667
Paul Tanter,1,4.0
Samuel Olatunji,1,4.0
Huang Jianming,1,4.0
Megan Siler,1,4.0
Brian M. Conley,1,4.0
Ellen Seidler,1,4.0
Nathan Ives,1,4.0
Fred Wolf,1,4.0
Ross Boyask,2,3.95
Dallas Jackson,2,3.95
J. Michael Long,1,3.9
Rusty Nixon,1,3.9
Saurav Palodhi,1,3.9
Frank Ariza,1,3.9
Bhushan Patel,1,3.9
Chris Blake,1,3.9
Pedro Flores Maldonado,1,3.9
Neil Rawles,1,3.9
Saji Surendran,1,3.9
Rakesh Ranjan Kumar,1,3.9
Jesse Gustafson,1,3.9
Devika Bhagat,1,3.9
Andrew Dean,1,3.9
Maria Pulera,1,3.9
Vineeth Anil,1,3.9
Marco Deufemia,1,3.9
Anuranjan Premji,1,3.9
Maradona Dias Dos Santos,1,3.9
Chris Roland,1,3.9
Satish Kaushik,2,3.9
Mickey Liddell,1,3.9
David Benullo,1,3.9
Jon M. Chu,3,3.8666666666666667
George Mendeluk,1,3.8
Brian Skiba,1,3.8
Craig Goodwill,1,3.8
Drew Casson,1,3.8
Rene Bueno,1,3.8
Siddique,1,3.8
Joey Curtis,1,3.8
Cheta Chukwu,1,3.8
Sachin Kamlakar Khot,1,3.8
Brant Sersen,1,3.8
Inas El-Degheidy,1,3.8
Karan Lalit Butani,1,3.8
Marco Schnabel,1,3.8
Todd Standing,1,3.8
Nicky Slimting Walker,1,3.8
Travis Zariwny,1,3.7
Aatmaram Dharne,1,3.7
Franck Phelizon,1,3.7
Michael Barrett,1,3.7
Anna Elizabeth James,1,3.7
Navjot Gulati,1,3.7
Prakash Balwant Saini,1,3.7
Will Forbes,1,3.6
Ben Pluimer,1,3.6
Michael G. Kehoe,1,3.6
Narendra Nath,1,3.6
Terrie Samundra,1,3.6
Mohamed Hamdy,3,3.6
Shady Ali,1,3.6
Barry Gonzalez,1,3.6
Christopher Ray,1,3.6
Hassan Hegazy,1,3.6
Sam Irvin,1,3.6
Sukum Maetawanitch,1,3.6
Ravi Babu,1,3.6
Roman Atwood,1,3.6
Esteban Vidal,2,3.55
Robert Peters,1,3.5
Ippsie Jones,1,3.5
Grant S. Johnson,1,3.5
Obaid Alhmoudi,1,3.5
Michael Feifer,1,3.5
Mohamed Diab,1,3.5
Michael Gallagher,1,3.5
Raymond Wood,1,3.4
Nicholas Winter,1,3.3
Michael Polish,1,3.3
Alex Israel,1,3.3
Luke Kenny,1,3.3
Tim Maltby,1,3.3
A. Raajdheep,1,3.3
Sandeep Chatterjee,1,3.3
Suzanne Coote,1,3.3
Abir Sengupta,1,3.3
Matt Angel,1,3.3
Barbara Białowąs,1,3.3
David Grossman,1,3.3
Devaki Singh,1,3.3
Tomasz Mandes,1,3.3
Paul Munger,1,3.3
Onir,1,3.3
Richard Finn,1,3.3
Vidhu Vinod Chopra,1,3.3
Pascal Amanfo,1,3.3
Ismail Farouk,1,3.2
Juan Camilo Pinzon,1,3.2
Michael Whitton,1,3.2
Amy Schumer,1,3.2
Xiao Feng,1,3.2
Alexandre Avancini,1,3.2
Amit Saxena,1,3.2
Ishaan Trivedi,1,3.2
Teo Konuralp,1,3.2
Brody Chu,1,3.2
Remo D'Souza,1,3.1
Vic Armstrong,1,3.1
Bruce Leddy,1,3.1
Vishal Mahadkar,1,3.1
Mike Gunther,2,3.0999999999999996
Matt Eskandari,1,3.0
Pooja Bhatt,1,3.0
Fred Olen Ray,1,3.0
Izidore K. Musallam,1,3.0
Anthony Bell,1,3.0
Glenn Miller,1,3.0
Harrison Smith,1,3.0
Dimitri Logothetis,1,2.9
Jennifer Lynch,1,2.9
Ann Deborah Fishman,1,2.8
Caryn Waechter,1,2.8
Elisa Fuksas,1,2.8
Ashu Trikha,1,2.8
Tan Bing,1,2.7
Monica Floyd,1,2.7
Akashdeep,1,2.7
Joseph Mbah,1,2.7
Bernardo Arellano,1,2.7
K.C. Bokadia,1,2.6
Chakri Toleti,1,2.6
Alex Burunova,1,2.6
Jeremiah Jones,1,2.6
Edward Drake,1,2.5
Roger Christian,1,2.5
Hani Hamdi,1,2.5
Jitender Pawar,1,2.5
Sabu Varghese,1,2.4
Diego Cohen,1,2.3
Myriam Fares,1,2.3
Shadab Khan,1,2.2
Patrick Durham,1,2.0
Paul G. Volk,1,2.0
Ali Bin Matar,1,2.0
Ibrahim Bin Mohamed,1,2.0
Matei Dima,1,1.9
Umesh Ghadge,1,1.9
Sajid Khan,1,1.7
Maïmouna Doucouré,1,1.6
Aniruddha Roy Chowdhury,1,1.6
S.A. Zaidi,1,1.5
